Data,Time
354,0
355,0.01
356,0.02
356,0.03
357,0.04
358,0.05
360,0.06
362,0.07
363,0.08
364,0.09
367,0.1
369,0.11
371,0.12
373,0.13
375,0.14
377,0.15
379,0.16
381,0.17
382,0.18
384,0.19
385,0.2
387,0.21
388,0.22
389,0.23
390,0.24
391,0.25
394,0.26
396,0.27
398,0.28
400,0.29
403,0.3
405,0.31
409,0.32
411,0.33
415,0.34
417,0.35
421,0.36
423,0.37
426,0.38
429,0.39
431,0.4
433,0.41
436,0.42
439,0.43
441,0.44
444,0.45
447,0.46
450,0.47
451,0.48
454,0.49
457,0.5
459,0.51
462,0.52
465,0.53
468,0.54
471,0.55
472,0.56
475,0.57
478,0.58
480,0.59
482,0.6
484,0.61
485,0.62
488,0.63
490,0.64
492,0.65
494,0.66
496,0.67
498,0.68
499,0.69
500,0.7
503,0.71
504,0.72
506,0.73
508,0.74
509,0.75
511,0.76
512,0.77
513,0.78
515,0.79
515,0.8
516,0.81
517,0.82
518,0.83
518,0.84
519,0.85
519,0.86
520,0.87
520,0.88
521,0.89
521,0.9
521,0.91
521,0.92
521,0.93
521,0.94
521,0.95
521,0.96
521,0.97
520,0.98
520,0.99
519,1
519,1.01
518,1.02
518,1.03
517,1.04
516,1.05
515,1.06
514,1.07
513,1.08
512,1.09
511,1.1
509,1.11
508,1.12
506,1.13
505,1.14
504,1.15
502,1.16
501,1.17
500,1.18
498,1.19
497,1.2
495,1.21
493,1.22
492,1.23
490,1.24
488,1.25
486,1.26
484,1.27
483,1.28
480,1.29
479,1.3
477,1.31
475,1.32
473,1.33
471,1.34
469,1.35
468,1.36
466,1.37
463,1.38
462,1.39
461,1.4
458,1.41
457,1.42
455,1.43
453,1.44
452,1.45
450,1.46
449,1.47
447,1.48
445,1.49
443,1.5
442,1.51
441,1.52
439,1.53
437,1.54
436,1.55
435,1.56
433,1.57
432,1.58
431,1.59
430,1.6
428,1.61
427,1.62
426,1.63
425,1.64
424,1.65
423,1.66
422,1.67
422,1.68
420,1.69
419,1.7
419,1.71
418,1.72
418,1.73
417,1.74
416,1.75
416,1.76
416,1.77
415,1.78
415,1.79
415,1.8
415,1.81
415,1.82
414,1.83
415,1.84
415,1.85
415,1.86
414,1.87
414,1.88
415,1.89
415,1.9
415,1.91
416,1.92
416,1.93
416,1.94
416,1.95
417,1.96
418,1.97
418,1.98
419,1.99
420,2
422,2.01
421,2.02
422,2.03
423,2.04
424,2.05
425,2.06
426,2.07
427,2.08
429,2.09
429,2.1
430,2.11
431,2.12
432,2.13
433,2.14
434,2.15
435,2.16
436,2.17
437,2.18
439,2.19
440,2.2
442,2.21
443,2.22
444,2.23
446,2.24
447,2.25
448,2.26
450,2.27
451,2.28
452,2.29
453,2.3
455,2.31
456,2.32
457,2.33
458,2.34
459,2.35
460,2.36
462,2.37
463,2.38
464,2.39
465,2.4
467,2.41
468,2.42
469,2.43
470,2.44
471,2.45
472,2.46
473,2.47
474,2.48
475,2.49
476,2.5
477,2.51
478,2.52
479,2.53
480,2.54
480,2.55
481,2.56
481,2.57
483,2.58
483,2.59
484,2.6
484,2.61
485,2.62
485,2.63
485,2.64
485,2.65
486,2.66
486,2.67
486,2.68
487,2.69
487,2.7
487,2.71
488,2.72
488,2.73
488,2.74
488,2.75
488,2.76
488,2.77
488,2.78
488,2.79
488,2.8
487,2.81
488,2.82
487,2.83
486,2.84
486,2.85
486,2.86
486,2.87
485,2.88
485,2.89
485,2.9
484,2.91
484,2.92
483,2.93
483,2.94
482,2.95
481,2.96
480,2.97
480,2.98
479,2.99
478,3
477,3.01
477,3.02
476,3.03
475,3.04
474,3.05
473,3.06
473,3.07
472,3.08
471,3.09
470,3.1
469,3.11
468,3.12
467,3.13
466,3.14
465,3.15
464,3.16
463,3.17
462,3.18
461,3.19
460,3.2
459,3.21
459,3.22
458,3.23
457,3.24
456,3.25
455,3.26
455,3.27
453,3.28
452,3.29
452,3.3
451,3.31
450,3.32
449,3.33
449,3.34
448,3.35
447,3.36
447,3.37
446,3.38
445,3.39
444,3.4
443,3.41
443,3.42
443,3.43
442,3.44
441,3.45
441,3.46
441,3.47
440,3.48
439,3.49
439,3.5
438,3.51
438,3.52
437,3.53
436,3.54
436,3.55
436,3.56
436,3.57
435,3.58
435,3.59
435,3.6
435,3.61
435,3.62
435,3.63
435,3.64
435,3.65
435,3.66
435,3.67
435,3.68
435,3.69
435,3.7
435,3.71
435,3.72
435,3.73
435,3.74
435,3.75
436,3.76
436,3.77
436,3.78
436,3.79
437,3.8
437,3.81
437,3.82
438,3.83
439,3.84
439,3.85
439,3.86
440,3.87
441,3.88
441,3.89
441,3.9
442,3.91
443,3.92
443,3.93
444,3.94
444,3.95
445,3.96
445,3.97
446,3.98
447,3.99
448,4
448,4.01
449,4.02
450,4.03
451,4.04
451,4.05
452,4.06
452,4.07
453,4.08
454,4.09
454,4.1
455,4.11
456,4.12
456,4.13
457,4.14
458,4.15
459,4.16
459,4.17
459,4.18
460,4.19
461,4.2
462,4.21
462,4.22
463,4.23
463,4.24
464,4.25
464,4.26
465,4.27
466,4.28
467,4.29
467,4.3
468,4.31
468,4.32
469,4.33
469,4.34
469,4.35
470,4.36
471,4.37
471,4.38
471,4.39
472,4.4
472,4.41
472,4.42
473,4.43
473,4.44
473,4.45
473,4.46
474,4.47
474,4.48
474,4.49
474,4.5
474,4.51
475,4.52
475,4.53
475,4.54
475,4.55
475,4.56
475,4.57
475,4.58
475,4.59
475,4.6
475,4.61
475,4.62
474,4.63
474,4.64
474,4.65
474,4.66
474,4.67
474,4.68
474,4.69
473,4.7
473,4.71
473,4.72
473,4.73
473,4.74
472,4.75
472,4.76
471,4.77
471,4.78
470,4.79
470,4.8
469,4.81
469,4.82
469,4.83
468,4.84
468,4.85
468,4.86
467,4.87
466,4.88
466,4.89
465,4.9
464,4.91
464,4.92
463,4.93
463,4.94
462,4.95
462,4.96
461,4.97
461,4.98
460,4.99
459,5
459,5.01
459,5.02
458,5.03
458,5.04
457,5.05
457,5.06
456,5.07
456,5.08
455,5.09
455,5.1
454,5.11
454,5.12
453,5.13
453,5.14
452,5.15
452,5.16
451,5.17
451,5.18
450,5.19
450,5.2
450,5.21
449,5.22
449,5.23
448,5.24
448,5.25
448,5.26
447,5.27
447,5.28
446,5.29
446,5.3
446,5.31
446,5.32
445,5.33
445,5.34
445,5.35
445,5.36
444,5.37
444,5.38
444,5.39
444,5.4
443,5.41
443,5.42
444,5.43
443,5.44
443,5.45
443,5.46
443,5.47
443,5.48
443,5.49
443,5.5
444,5.51
443,5.52
444,5.53
444,5.54
444,5.55
444,5.56
444,5.57
444,5.58
445,5.59
445,5.6
445,5.61
445,5.62
446,5.63
446,5.64
446,5.65
446,5.66
447,5.67
447,5.68
447,5.69
448,5.7
448,5.71
448,5.72
448,5.73
449,5.74
450,5.75
450,5.76
450,5.77
451,5.78
451,5.79
451,5.8
452,5.81
452,5.82
453,5.83
452,5.84
453,5.85
454,5.86
455,5.87
455,5.88
455,5.89
456,5.9
456,5.91
457,5.92
457,5.93
457,5.94
458,5.95
458,5.96
458,5.97
459,5.98
459,5.99
460,6
460,6.01
460,6.02
461,6.03
461,6.04
461,6.05
462,6.06
462,6.07
463,6.08
463,6.09
463,6.1
463,6.11
464,6.12
464,6.13
464,6.14
465,6.15
466,6.16
465,6.17
466,6.18
466,6.19
467,6.2
467,6.21
467,6.22
467,6.23
468,6.24
468,6.25
468,6.26
468,6.27
468,6.28
468,6.29
468,6.3
468,6.31
469,6.32
469,6.33
469,6.34
469,6.35
469,6.36
469,6.37
469,6.38
469,6.39
469,6.4
468,6.41
468,6.42
468,6.43
468,6.44
468,6.45
468,6.46
468,6.47
468,6.48
467,6.49
467,6.5
467,6.51
468,6.52
467,6.53
467,6.54
467,6.55
467,6.56
466,6.57
466,6.58
465,6.59
465,6.6
465,6.61
464,6.62
464,6.63
464,6.64
464,6.65
463,6.66
463,6.67
463,6.68
463,6.69
462,6.7
462,6.71
461,6.72
461,6.73
461,6.74
460,6.75
460,6.76
460,6.77
459,6.78
459,6.79
458,6.8
459,6.81
458,6.82
458,6.83
457,6.84
457,6.85
457,6.86
457,6.87
456,6.88
456,6.89
455,6.9
455,6.91
455,6.92
455,6.93
454,6.94
454,6.95
453,6.96
453,6.97
453,6.98
452,6.99
452,7
452,7.01
452,7.02
451,7.03
451,7.04
451,7.05
451,7.06
450,7.07
450,7.08
450,7.09
450,7.1
450,7.11
450,7.12
450,7.13
449,7.14
449,7.15
449,7.16
449,7.17
449,7.18
449,7.19
449,7.2
449,7.21
449,7.22
449,7.23
449,7.24
449,7.25
449,7.26
448,7.27
449,7.28
449,7.29
449,7.3
449,7.31
449,7.32
449,7.33
449,7.34
449,7.35
449,7.36
449,7.37
450,7.38
449,7.39
450,7.4
450,7.41
450,7.42
450,7.43
450,7.44
450,7.45
451,7.46
451,7.47
451,7.48
451,7.49
452,7.5
452,7.51
452,7.52
452,7.53
453,7.54
453,7.55
453,7.56
453,7.57
454,7.58
454,7.59
454,7.6
454,7.61
455,7.62
455,7.63
455,7.64
456,7.65
456,7.66
456,7.67
456,7.68
457,7.69
457,7.7
457,7.71
457,7.72
458,7.73
458,7.74
458,7.75
458,7.76
458,7.77
459,7.78
459,7.79
459,7.8
459,7.81
460,7.82
460,7.83
460,7.84
460,7.85
461,7.86
461,7.87
461,7.88
461,7.89
462,7.9
462,7.91
462,7.92
462,7.93
463,7.94
463,7.95
463,7.96
463,7.97
463,7.98
464,7.99
464,8
464,8.01
464,8.02
464,8.03
464,8.04
464,8.05
464,8.06
465,8.07
464,8.08
464,8.09
465,8.1
465,8.11
465,8.12
465,8.13
465,8.14
465,8.15
465,8.16
465,8.17
465,8.18
465,8.19
464,8.2
464,8.21
464,8.22
464,8.23
464,8.24
464,8.25
464,8.26
464,8.27
464,8.28
464,8.29
464,8.3
464,8.31
463,8.32
463,8.33
463,8.34
463,8.35
463,8.36
463,8.37
462,8.38
463,8.39
462,8.4
462,8.41
462,8.42
462,8.43
461,8.44
461,8.45
461,8.46
461,8.47
461,8.48
460,8.49
460,8.5
460,8.51
460,8.52
459,8.53
459,8.54
459,8.55
459,8.56
459,8.57
459,8.58
458,8.59
459,8.6
458,8.61
458,8.62
457,8.63
458,8.64
457,8.65
457,8.66
457,8.67
457,8.68
456,8.69
456,8.7
456,8.71
456,8.72
455,8.73
455,8.74
455,8.75
455,8.76
454,8.77
454,8.78
454,8.79
454,8.8
453,8.81
453,8.82
453,8.83
453,8.84
453,8.85
453,8.86
452,8.87
453,8.88
452,8.89
452,8.9
452,8.91
452,8.92
452,8.93
452,8.94
452,8.95
452,8.96
451,8.97
451,8.98
451,8.99
452,9
451,9.01
451,9.02
451,9.03
452,9.04
452,9.05
451,9.06
451,9.07
452,9.08
452,9.09
452,9.1
452,9.11
452,9.12
452,9.13
452,9.14
452,9.15
452,9.16
453,9.17
453,9.18
453,9.19
453,9.2
453,9.21
453,9.22
453,9.23
453,9.24
453,9.25
453,9.26
453,9.27
454,9.28
454,9.29
454,9.3
454,9.31
454,9.32
455,9.33
455,9.34
455,9.35
455,9.36
456,9.37
455,9.38
455,9.39
456,9.4
456,9.41
456,9.42
456,9.43
456,9.44
457,9.45
457,9.46
457,9.47
457,9.48
458,9.49
458,9.5
458,9.51
458,9.52
458,9.53
458,9.54
458,9.55
459,9.56
459,9.57
459,9.58
459,9.59
459,9.6
460,9.61
460,9.62
460,9.63
460,9.64
460,9.65
460,9.66
460,9.67
460,9.68
461,9.69
461,9.7
461,9.71
461,9.72
461,9.73
461,9.74
461,9.75
461,9.76
462,9.77
462,9.78
462,9.79
462,9.8
462,9.81
463,9.82
462,9.83
462,9.84
462,9.85
463,9.86
462,9.87
462,9.88
462,9.89
463,9.9
463,9.91
463,9.92
462,9.93
463,9.94
462,9.95
462,9.96
462,9.97
463,9.98
462,9.99
462,10
462,10.01
463,10.02
462,10.03
462,10.04
462,10.05
462,10.06
462,10.07
462,10.08
461,10.09
462,10.1
461,10.11
461,10.12
461,10.13
461,10.14
461,10.15
461,10.16
460,10.17
461,10.18
460,10.19
460,10.2
460,10.21
460,10.22
460,10.23
460,10.24
459,10.25
460,10.26
459,10.27
459,10.28
459,10.29
459,10.3
459,10.31
459,10.32
458,10.33
459,10.34
458,10.35
458,10.36
458,10.37
458,10.38
458,10.39
458,10.4
457,10.41
457,10.42
457,10.43
457,10.44
457,10.45
457,10.46
457,10.47
456,10.48
456,10.49
456,10.5
456,10.51
455,10.52
455,10.53
455,10.54
456,10.55
455,10.56
455,10.57
455,10.58
455,10.59
455,10.6
455,10.61
454,10.62
455,10.63
454,10.64
454,10.65
454,10.66
454,10.67
454,10.68
454,10.69
454,10.7
454,10.71
453,10.72
453,10.73
453,10.74
454,10.75
453,10.76
453,10.77
453,10.78
454,10.79
453,10.8
453,10.81
453,10.82
454,10.83
453,10.84
453,10.85
453,10.86
454,10.87
454,10.88
454,10.89
454,10.9
454,10.91
454,10.92
454,10.93
454,10.94
454,10.95
454,10.96
454,10.97
454,10.98
455,10.99
454,11
455,11.01
455,11.02
455,11.03
455,11.04
455,11.05
455,11.06
455,11.07
456,11.08
455,11.09
456,11.1
456,11.11
456,11.12
456,11.13
456,11.14
456,11.15
457,11.16
456,11.17
457,11.18
457,11.19
457,11.2
457,11.21
457,11.22
457,11.23
458,11.24
457,11.25
457,11.26
458,11.27
458,11.28
458,11.29
458,11.3
458,11.31
459,11.32
458,11.33
458,11.34
458,11.35
459,11.36
459,11.37
459,11.38
459,11.39
459,11.4
459,11.41
459,11.42
459,11.43
460,11.44
459,11.45
459,11.46
459,11.47
460,11.48
460,11.49
460,11.5
460,11.51
460,11.52
460,11.53
460,11.54
460,11.55
460,11.56
460,11.57
460,11.58
460,11.59
461,11.6
460,11.61
460,11.62
460,11.63
460,11.64
461,11.65
460,11.66
460,11.67
460,11.68
461,11.69
460,11.7
460,11.71
460,11.72
461,11.73
460,11.74
460,11.75
460,11.76
460,11.77
460,11.78
460,11.79
460,11.8
460,11.81
460,11.82
460,11.83
460,11.84
460,11.85
460,11.86
460,11.87
460,11.88
460,11.89
459,11.9
459,11.91
459,11.92
460,11.93
459,11.94
459,11.95
459,11.96
459,11.97
459,11.98
459,11.99
459,12
459,12.01
459,12.02
459,12.03
459,12.04
459,12.05
458,12.06
458,12.07
458,12.08
459,12.09
458,12.1
458,12.11
458,12.12
458,12.13
458,12.14
458,12.15
458,12.16
458,12.17
457,12.18
457,12.19
457,12.2
457,12.21
457,12.22
457,12.23
457,12.24
457,12.25
457,12.26
457,12.27
457,12.28
457,12.29
456,12.3
456,12.31
456,12.32
456,12.33
456,12.34
456,12.35
456,12.36
456,12.37
456,12.38
456,12.39
456,12.4
456,12.41
456,12.42
456,12.43
455,12.44
455,12.45
456,12.46
456,12.47
455,12.48
455,12.49
456,12.5
455,12.51
455,12.52
455,12.53
456,12.54
455,12.55
455,12.56
455,12.57
456,12.58
455,12.59
455,12.6
455,12.61
456,12.62
456,12.63
455,12.64
456,12.65
456,12.66
456,12.67
456,12.68
456,12.69
456,12.7
456,12.71
456,12.72
456,12.73
456,12.74
456,12.75
456,12.76
456,12.77
457,12.78
456,12.79
456,12.8
457,12.81
457,12.82
456,12.83
457,12.84
457,12.85
457,12.86
457,12.87
457,12.88
457,12.89
457,12.9
457,12.91
457,12.92
457,12.93
458,12.94
457,12.95
457,12.96
458,12.97
458,12.98
458,12.99
458,13
458,13.01
458,13.02
458,13.03
458,13.04
458,13.05
458,13.06
458,13.07
458,13.08
458,13.09
458,13.1
459,13.11
458,13.12
458,13.13
458,13.14
459,13.15
458,13.16
458,13.17
458,13.18
459,13.19
459,13.2
459,13.21
459,13.22
459,13.23
459,13.24
459,13.25
459,13.26
459,13.27
459,13.28
459,13.29
459,13.3
459,13.31
459,13.32
459,13.33
459,13.34
459,13.35
459,13.36
459,13.37
459,13.38
459,13.39
459,13.4
459,13.41
459,13.42
459,13.43
459,13.44
459,13.45
459,13.46
459,13.47
459,13.48
459,13.49
459,13.5
459,13.51
459,13.52
459,13.53
459,13.54
459,13.55
458,13.56
458,13.57
458,13.58
459,13.59
458,13.6
458,13.61
458,13.62
459,13.63
458,13.64
458,13.65
458,13.66
459,13.67
458,13.68
458,13.69
458,13.7
459,13.71
458,13.72
458,13.73
458,13.74
458,13.75
458,13.76
458,13.77
458,13.78
458,13.79
459,13.8
458,13.81
458,13.82
458,13.83
458,13.84
458,13.85
458,13.86
458,13.87
459,13.88
458,13.89
458,13.9
457,13.91
458,13.92
458,13.93
458,13.94
457,13.95
458,13.96
457,13.97
457,13.98
457,13.99
458,14
457,14.01
457,14.02
457,14.03
458,14.04
457,14.05
457,14.06
457,14.07
457,14.08
457,14.09
457,14.1
457,14.11
457,14.12
457,14.13
457,14.14
457,14.15
457,14.16
457,14.17
457,14.18
457,14.19
457,14.2
457,14.21
457,14.22
457,14.23
457,14.24
457,14.25
457,14.26
457,14.27
457,14.28
457,14.29
457,14.3
457,14.31
457,14.32
457,14.33
457,14.34
457,14.35
457,14.36
457,14.37
457,14.38
457,14.39
458,14.4
457,14.41
457,14.42
457,14.43
458,14.44
458,14.45
458,14.46
458,14.47
458,14.48
458,14.49
458,14.5
458,14.51
458,14.52
458,14.53
458,14.54
458,14.55
458,14.56
458,14.57
458,14.58
458,14.59
458,14.6
459,14.61
458,14.62
458,14.63
458,14.64
458,14.65
458,14.66
458,14.67
458,14.68
458,14.69
458,14.7
458,14.71
458,14.72
459,14.73
458,14.74
458,14.75
458,14.76
459,14.77
458,14.78
458,14.79
458,14.8
459,14.81
458,14.82
458,14.83
458,14.84
458,14.85
458,14.86
458,14.87
458,14.88
458,14.89
458,14.9
458,14.91
458,14.92
459,14.93
458,14.94
458,14.95
458,14.96
458,14.97
458,14.98
458,14.99
458,15
459,15.01
458,15.02
458,15.03
458,15.04
459,15.05
458,15.06
458,15.07
458,15.08
459,15.09
458,15.1
458,15.11
458,15.12
458,15.13
458,15.14
458,15.15
458,15.16
458,15.17
458,15.18
458,15.19
458,15.2
458,15.21
458,15.22
458,15.23
458,15.24
458,15.25
458,15.26
458,15.27
458,15.28
458,15.29
458,15.3
458,15.31
458,15.32
458,15.33
458,15.34
458,15.35
458,15.36
458,15.37
458,15.38
458,15.39
458,15.4
457,15.41
458,15.42
458,15.43
458,15.44
458,15.45
458,15.46
458,15.47
458,15.48
458,15.49
458,15.5
458,15.51
458,15.52
458,15.53
458,15.54
458,15.55
458,15.56
458,15.57
458,15.58
458,15.59
458,15.6
458,15.61
458,15.62
458,15.63
458,15.64
458,15.65
458,15.66
458,15.67
458,15.68
458,15.69
458,15.7
458,15.71
458,15.72
458,15.73
458,15.74
458,15.75
458,15.76
458,15.77
458,15.78
458,15.79
458,15.8
458,15.81
458,15.82
458,15.83
458,15.84
458,15.85
458,15.86
458,15.87
458,15.88
458,15.89
458,15.9
458,15.91
458,15.92
458,15.93
458,15.94
458,15.95
458,15.96
458,15.97
458,15.98
459,15.99
458,16
458,16.01
458,16.02
459,16.03
458,16.04
458,16.05
458,16.06
458,16.07
458,16.08
458,16.09
458,16.1
458,16.11
458,16.12
458,16.13
458,16.14
