TemC,time sec,time(offset)
3.258224,13.603,0
3.508224,13.826,0.223
4.008224,14.049,0.446
4.258224,14.272,0.669
5.008224,14.495,0.892
6.258224,14.718,1.115
6.258224,14.941,1.338
7.258224,15.164,1.561
8.258224,15.387,1.784
9.008224,15.61,2.007
9.758224,15.833,2.23
10.508224,16.056,2.453
12.758224,16.279,2.676
15.008224,16.502,2.899
16.508224,16.725,3.122
18.008224,16.948,3.345
19.008224,17.171,3.568
19.758224,17.394,3.791
21.758224,17.617,4.014
24.258224,17.84,4.237
25.258224,18.063,4.46
26.758224,18.286,4.683
28.758224,18.509,4.906
30.258224,18.732,5.129
31.258224,18.955,5.352
32.258224,19.178,5.575
34.008224,19.401,5.798
35.508224,19.624,6.021
36.508224,19.847,6.244
37.508224,20.07,6.467
39.258224,20.293,6.69
40.758224,20.516,6.913
41.758224,20.739,7.136
42.508224,20.962,7.359
43.508224,21.185,7.582
44.758224,21.408,7.805
45.258224,21.631,8.028
46.008224,21.854,8.251
47.008224,22.077,8.474
47.508224,22.3,8.697
48.258224,22.523,8.92
48.758224,22.746,9.143
50.258224,22.969,9.366
50.508224,23.192,9.589
51.508224,23.415,9.812
52.258224,23.638,10.035
52.758224,23.861,10.258
53.758224,24.084,10.481
54.258224,24.307,10.704
52.508224,24.53,10.927
54.758224,24.753,11.15
55.508224,24.976,11.373
56.258224,25.199,11.596
56.008224,25.422,11.819
57.258224,25.645,12.042
57.758224,25.868,12.265
58.258224,26.091,12.488
59.258224,26.314,12.711
59.758224,26.537,12.934
60.508224,26.76,13.157
61.258224,26.983,13.38
61.508224,27.206,13.603
62.758224,27.429,13.826
62.758224,27.652,14.049
63.758224,27.875,14.272
64.508224,28.098,14.495
66.758224,28.321,14.718
70.258224,28.544,14.941
72.508224,28.767,15.164
72.758224,28.99,15.387
74.008224,29.213,15.61
74.758224,29.436,15.833
75.008224,29.659,16.056
75.008224,29.882,16.279
75.258224,30.105,16.502
75.258224,30.328,16.725
75.508224,30.551,16.948
75.258224,30.774,17.171
75.258224,30.997,17.394
75.508224,31.22,17.617
77.258224,31.443,17.84
77.758224,31.666,18.063
77.508224,31.889,18.286
78.008224,32.112,18.509
78.258224,32.335,18.732
78.258224,32.558,18.955
78.508224,32.781,19.178
79.508224,33.004,19.401
80.258224,33.227,19.624
80.258224,33.45,19.847
80.508224,33.673,20.07
80.258224,33.896,20.293
80.758224,34.119,20.516
81.758224,34.342,20.739
82.008224,34.565,20.962
81.758224,34.788,21.185
82.508224,35.011,21.408
82.258224,35.234,21.631
82.758224,35.457,21.854
82.758224,35.68,22.077
83.008224,35.903,22.3
83.508224,36.126,22.523
83.258224,36.349,22.746
83.758224,36.572,22.969
84.008224,36.795,23.192
84.008224,37.018,23.415
84.008224,37.241,23.638
84.008224,37.464,23.861
84.008224,37.687,24.084
84.758224,37.91,24.307
85.258224,38.133,24.53
85.758224,38.356,24.753
85.758224,38.579,24.976
86.008224,38.802,25.199
86.508224,39.025,25.422
87.008224,39.248,25.645
87.258224,39.471,25.868
87.508224,39.694,26.091
87.758224,39.917,26.314
87.258224,40.14,26.537
88.008224,40.363,26.76
89.258224,40.586,26.983
89.258224,40.809,27.206
89.258224,41.032,27.429
89.758224,41.255,27.652
89.508224,41.478,27.875
90.008224,41.701,28.098
89.758224,41.924,28.321
89.758224,42.147,28.544
89.758224,42.37,28.767
89.758224,42.593,28.99
90.258224,42.816,29.213
90.258224,43.039,29.436
90.008224,43.262,29.659
90.508224,43.485,29.882
90.258224,43.708,30.105
90.508224,43.931,30.328
90.508224,44.154,30.551
90.758224,44.377,30.774
90.758224,44.6,30.997
91.008224,44.823,31.22
91.008224,45.046,31.443
91.258224,45.269,31.666
91.258224,45.492,31.889
91.258224,45.715,32.112
91.258224,45.938,32.335
91.258224,46.161,32.558
91.258224,46.384,32.781
91.758224,46.607,33.004
91.508224,46.83,33.227
91.508224,47.053,33.45
91.758224,47.276,33.673
91.758224,47.499,33.896
92.008224,47.722,34.119
91.508224,47.945,34.342
92.008224,48.168,34.565
92.008224,48.391,34.788
92.008224,48.614,35.011
92.258224,48.837,35.234
92.508224,49.06,35.457
92.758224,49.283,35.68
93.508224,49.506,35.903
94.008224,49.729,36.126
94.258224,49.952,36.349
94.508224,50.175,36.572
94.758224,50.398,36.795
94.758224,50.621,37.018
94.258224,50.844,37.241
95.008224,51.067,37.464
95.258224,51.29,37.687
95.258224,51.513,37.91
95.258224,51.736,38.133
95.258224,51.959,38.356
95.508224,52.182,38.579
95.508224,52.405,38.802
95.758224,52.628,39.025
95.508224,52.851,39.248
95.508224,53.074,39.471
95.758224,53.297,39.694
95.758224,53.52,39.917
95.508224,53.743,40.14
95.758224,53.966,40.363
96.008224,54.189,40.586
95.758224,54.412,40.809
96.008224,54.635,41.032
95.758224,54.858,41.255
95.758224,55.081,41.478
95.758224,55.304,41.701
96.008224,55.527,41.924
96.008224,55.75,42.147
96.508224,55.973,42.37
96.008224,56.196,42.593
96.758224,56.419,42.816
96.508224,56.642,43.039
96.258224,56.865,43.262
97.008224,57.088,43.485
96.758224,57.311,43.708
96.758224,57.534,43.931
97.258224,57.757,44.154
97.508224,57.98,44.377
97.008224,58.203,44.6
97.008224,58.426,44.823
97.758224,58.649,45.046
97.258224,58.872,45.269
97.258224,59.095,45.492
98.258224,59.318,45.715
98.008224,59.541,45.938
98.008224,59.764,46.161
98.258224,59.987,46.384
98.508224,60.21,46.607
98.508224,60.433,46.83
98.758224,60.656,47.053
98.258224,60.879,47.276
99.008224,61.102,47.499
98.258224,61.325,47.722
99.258224,61.548,47.945
98.758224,61.771,48.168
98.758224,61.994,48.391
99.258224,62.217,48.614
99.008224,62.44,48.837
99.258224,62.663,49.06
98.758224,62.886,49.283
99.258224,63.109,49.506
99.508224,63.332,49.729
99.258224,63.555,49.952
99.258224,63.778,50.175
99.258224,64.001,50.398
99.758224,64.224,50.621
99.508224,64.447,50.844
99.758224,64.67,51.067
99.508224,64.893,51.29
99.508224,65.116,51.513
99.758224,65.339,51.736
100.008224,65.562,51.959
99.758224,65.785,52.182
99.758224,66.008,52.405
99.758224,66.231,52.628
99.258224,66.454,52.851
99.258224,66.677,53.074
100.008224,66.9,53.297
100.008224,67.123,53.52
100.008224,67.346,53.743
100.258224,67.569,53.966
100.008224,67.792,54.189
100.258224,68.015,54.412
100.258224,68.238,54.635
100.258224,68.461,54.858
100.258224,68.684,55.081
100.008224,68.907,55.304
99.758224,69.13,55.527
100.258224,69.353,55.75
100.258224,69.576,55.973
100.258224,69.799,56.196
100.758224,70.022,56.419
100.258224,70.245,56.642
100.258224,70.468,56.865
100.508224,70.691,57.088
100.758224,70.914,57.311
100.008224,71.137,57.534
100.508224,71.36,57.757
100.758224,71.583,57.98
100.508224,71.806,58.203
101.008224,72.029,58.426
100.508224,72.252,58.649
100.758224,72.475,58.872
100.508224,72.698,59.095
100.508224,72.921,59.318
