time (sec),t (min),Temp C
0,0,25.25
1,0.02,25.25
2,0.03,25.25
3,0.05,25.25
4,0.07,25
5,0.08,25.25
6,0.1,25.25
7,0.12,25
8,0.13,25
9,0.15,25
10,0.17,24.75
11,0.18,24.75
12,0.2,25
13,0.22,25
14,0.23,25.25
15,0.25,24.75
16,0.27,25
17,0.28,24.75
18,0.3,24.75
19,0.32,25.25
20,0.33,24.75
21,0.35,24.5
22,0.37,25.25
23,0.38,25
24,0.4,25
25,0.42,25
26,0.43,25
27,0.45,25
28,0.47,24.75
29,0.48,24.75
30,0.5,25.25
31,0.52,25.25
32,0.53,25
33,0.55,24.75
34,0.57,25
35,0.58,25
36,0.6,24.75
37,0.62,24.75
38,0.63,25
39,0.65,25
40,0.67,24.75
41,0.68,25
42,0.7,24.75
43,0.72,25
44,0.73,25.25
45,0.75,25
46,0.77,25.25
47,0.78,25
48,0.8,25
49,0.82,25
50,0.83,24.5
51,0.85,25
52,0.87,24.5
53,0.88,25
54,0.9,25
55,0.92,24.75
56,0.93,25.25
57,0.95,25
58,0.97,25
59,0.98,25
60,1,24.75
61,1.02,25.25
62,1.03,25.25
63,1.05,25.25
64,1.07,25.25
65,1.08,25
66,1.1,25
67,1.12,24.5
68,1.13,25
69,1.15,25.75
70,1.17,27
71,1.18,27.5
72,1.2,27.5
73,1.22,28.25
74,1.23,29
75,1.25,29.25
76,1.27,30.75
77,1.28,31.5
78,1.3,32
79,1.32,32.5
80,1.33,33
81,1.35,32.25
82,1.37,32.5
83,1.38,32.25
84,1.4,32.25
85,1.42,33.25
86,1.43,33.75
87,1.45,34
88,1.47,35
89,1.48,35.75
90,1.5,36
91,1.52,36.5
92,1.53,37
93,1.55,37.5
94,1.57,37.25
95,1.58,37.75
96,1.6,38.5
97,1.62,39.25
98,1.63,39.75
99,1.65,40.25
100,1.67,40.5
101,1.68,40.75
102,1.7,41.75
103,1.72,42.5
104,1.73,43
105,1.75,43.5
106,1.77,44.5
107,1.78,44.75
108,1.8,46
109,1.82,46.75
110,1.83,47.5
111,1.85,48.25
112,1.87,48.25
113,1.88,49.75
114,1.9,50.5
115,1.92,50.75
116,1.93,51.5
117,1.95,51.5
118,1.97,52
119,1.98,52.5
120,2,52.5
121,2.02,53
122,2.03,53.75
123,2.05,54
124,2.07,55.25
125,2.08,56
126,2.1,56.75
127,2.12,57.5
128,2.13,58
129,2.15,58.75
130,2.17,59
131,2.18,59.75
132,2.2,60.5
133,2.22,60.75
134,2.23,61.25
135,2.25,62.25
136,2.27,63
137,2.28,63.5
138,2.3,64.5
139,2.32,64.5
140,2.33,65.25
141,2.35,65.75
142,2.37,66.5
143,2.38,67.25
144,2.4,67.75
145,2.42,68.25
146,2.43,68.75
147,2.45,69.5
148,2.47,70
149,2.48,70.5
150,2.5,70.75
151,2.52,71
152,2.53,71.5
153,2.55,72.25
154,2.57,72.75
155,2.58,73
156,2.6,73.75
157,2.62,74.25
158,2.63,74.75
159,2.65,75.25
160,2.67,76
161,2.68,77
162,2.7,77.75
163,2.72,78.25
164,2.73,79.5
165,2.75,80
166,2.77,80.5
167,2.78,81.5
168,2.8,82
169,2.82,82.5
170,2.83,82.75
171,2.85,83.5
172,2.87,84.5
173,2.88,85
174,2.9,85.75
175,2.92,85.75
176,2.93,86.25
177,2.95,87
178,2.97,87.25
179,2.98,87.5
180,3,88.5
181,3.02,88.75
182,3.03,89.75
183,3.05,90.25
184,3.07,90.75
185,3.08,91
186,3.1,91.5
187,3.12,92.25
188,3.13,92
189,3.15,92.75
190,3.17,93.5
191,3.18,94.25
192,3.2,94.75
193,3.22,95.5
194,3.23,95.75
195,3.25,96.25
196,3.27,96.5
197,3.28,97
198,3.3,97
199,3.32,97.5
200,3.33,98.25
201,3.35,98.75
202,3.37,98.5
203,3.38,99.25
204,3.4,99.25
205,3.42,100
206,3.43,99.25
207,3.45,99.75
208,3.47,100.25
209,3.48,100.75
210,3.5,100.5
211,3.52,101
212,3.53,101
213,3.55,100.5
214,3.57,101.25
215,3.58,101.5
216,3.6,101.25
217,3.62,101.25
218,3.63,101.5
219,3.65,100.75
220,3.67,101.5
221,3.68,101.5
222,3.7,101
223,3.72,101.75
224,3.73,101.75
225,3.75,101.25
226,3.77,101.25
227,3.78,101.5
228,3.8,101.5
229,3.82,101.75
230,3.83,102
231,3.85,101.25
232,3.87,101.75
233,3.88,101
234,3.9,102
235,3.92,101.75
236,3.93,102
237,3.95,102
238,3.97,101.75
239,3.98,101.75
240,4,101.75
241,4.02,101.5
242,4.03,101.5
243,4.05,101.5
244,4.07,101.75
245,4.08,101.75
246,4.1,101.75
247,4.12,102
248,4.13,101.75
249,4.15,102.25
250,4.17,101.75
251,4.18,101.25
252,4.2,101.75
253,4.22,101.75
254,4.23,102
255,4.25,101.75
256,4.27,102
257,4.28,101.75
258,4.3,101.75
259,4.32,101.75
260,4.33,101.5
261,4.35,101.5
262,4.37,101
263,4.38,101.75
264,4.4,101.75
265,4.42,101.25
266,4.43,101.5
267,4.45,101.5
268,4.47,101.5
269,4.48,101
270,4.5,101
271,4.52,101
272,4.53,100.75
273,4.55,101
274,4.57,100.75
275,4.58,101
276,4.6,100.5
277,4.62,100.25
278,4.63,100.5
279,4.65,100
280,4.67,100.5
281,4.68,100.5
282,4.7,100.25
283,4.72,100
284,4.73,100
285,4.75,99.5
286,4.77,99.75
287,4.78,99.5
288,4.8,99.25
289,4.82,99
290,4.83,99.5
291,4.85,98.75
292,4.87,99.25
293,4.88,99.25
294,4.9,98.75
295,4.92,98.75
296,4.93,98.75
297,4.95,98.5
298,4.97,99
299,4.98,98.75
300,5,98.25
301,5.02,98.5
302,5.03,98.25
303,5.05,97.75
304,5.07,97.75
305,5.08,97.75
306,5.1,97.75
307,5.12,97
308,5.13,97.5
309,5.15,97.25
310,5.17,96.75
311,5.18,96.5
312,5.2,97
313,5.22,97.25
314,5.23,96.75
315,5.25,96.75
316,5.27,96.25
317,5.28,96
318,5.3,96.25
319,5.32,96
320,5.33,95.5
321,5.35,96
322,5.37,95.75
323,5.38,96.25
324,5.4,95.5
325,5.42,95.5
326,5.43,95.5
327,5.45,95.5
328,5.47,95
329,5.48,95
330,5.5,94.75
331,5.52,95
332,5.53,94.75
333,5.55,95
334,5.57,95
335,5.58,94.75
336,5.6,94.75
337,5.62,94.5
338,5.63,94.25
339,5.65,93.75
340,5.67,94.25
341,5.68,94
342,5.7,94
343,5.72,93.75
344,5.73,93
345,5.75,93.5
346,5.77,93.5
347,5.78,93.25
348,5.8,93
349,5.82,93
350,5.83,93
351,5.85,92.5
352,5.87,92.75
353,5.88,92.5
354,5.9,92.5
355,5.92,92.25
356,5.93,92.5
357,5.95,92.25
358,5.97,92
359,5.98,91.75
360,6,92.25
361,6.02,92
362,6.03,91.75
363,6.05,92
364,6.07,91.75
365,6.08,91.75
366,6.1,90.75
367,6.12,91.5
368,6.13,91.5
369,6.15,91
370,6.17,91
371,6.18,91
372,6.2,90.75
373,6.22,90.75
374,6.23,90.75
375,6.25,90.75
376,6.27,90.5
377,6.28,90.5
378,6.3,90.25
379,6.32,90.25
380,6.33,89.75
381,6.35,90
382,6.37,89.75
383,6.38,89.5
384,6.4,89.5
385,6.42,89.75
386,6.43,89.5
387,6.45,89.5
388,6.47,89.25
389,6.48,89.25
390,6.5,89
391,6.52,89.25
392,6.53,89
393,6.55,88.5
394,6.57,89
395,6.58,88.5
396,6.6,88.25
397,6.62,88.5
398,6.63,88.5
399,6.65,88.25
400,6.67,88.25
401,6.68,88
402,6.7,87.75
403,6.72,87.5
404,6.73,88
405,6.75,88
406,6.77,87.75
407,6.78,87.25
408,6.8,87.5
409,6.82,87.75
410,6.83,87.5
411,6.85,87.25
412,6.87,87
413,6.88,86.75
414,6.9,86.75
415,6.92,87.25
416,6.93,86
417,6.95,86.5
418,6.97,86.75
419,6.98,86.5
420,7,85.75
421,7.02,86.5
422,7.03,86
423,7.05,86
424,7.07,86.25
425,7.08,86
426,7.1,86.25
427,7.12,85.5
428,7.13,86
429,7.15,85.75
430,7.17,85.5
431,7.18,85.75
432,7.2,85.5
433,7.22,85.25
434,7.23,85.5
435,7.25,85.25
436,7.27,84.75
437,7.28,85
438,7.3,85
439,7.32,85
440,7.33,85
441,7.35,84.75
442,7.37,84.75
443,7.38,84.25
444,7.4,84.5
445,7.42,84.75
446,7.43,84.25
447,7.45,84.5
448,7.47,84
449,7.48,84.25
450,7.5,84.25
451,7.52,84
452,7.53,84
453,7.55,84
454,7.57,83.75
455,7.58,83.75
456,7.6,84
457,7.62,83.5
458,7.63,83.5
459,7.65,83
460,7.67,83.5
461,7.68,83
462,7.7,83.25
463,7.72,82.75
464,7.73,82.75
465,7.75,83
466,7.77,82.5
467,7.78,82.75
468,7.8,82.75
469,7.82,82.25
470,7.83,82.75
471,7.85,82.25
472,7.87,82.25
473,7.88,82.5
474,7.9,81.75
475,7.92,81.5
476,7.93,81.5
477,7.95,82
478,7.97,81.5
479,7.98,81.75
480,8,81.5
481,8.02,81.25
482,8.03,81.5
483,8.05,81.75
484,8.07,81.25
485,8.08,81.25
486,8.1,81.25
487,8.12,80.75
488,8.13,81
489,8.15,81
490,8.17,81
491,8.18,81
492,8.2,81
493,8.22,80.25
494,8.23,81
495,8.25,80.5
496,8.27,79.75
497,8.28,80.25
498,8.3,80
499,8.32,80.25
500,8.33,80
501,8.35,80.25
502,8.37,80
503,8.38,79.75
504,8.4,79.5
505,8.42,80
506,8.43,79.75
507,8.45,79.25
508,8.47,79.5
509,8.48,79.5
510,8.5,79.25
511,8.52,79.5
512,8.53,79.25
513,8.55,79.25
514,8.57,79
515,8.58,78.75
516,8.6,79
517,8.62,79
518,8.63,79
519,8.65,79
520,8.67,78.5
521,8.68,78.75
522,8.7,78.25
523,8.72,78.75
524,8.73,78.5
525,8.75,78.75
526,8.77,78.5
527,8.78,78.75
528,8.8,78.25
529,8.82,77.75
530,8.83,78.5
531,8.85,78.25
532,8.87,78.5
533,8.88,77.5
534,8.9,78
535,8.92,77.75
536,8.93,77.75
537,8.95,77.25
538,8.97,77.5
539,8.98,77.5
540,9,77.5
541,9.02,77.5
542,9.03,77.5
543,9.05,77.25
544,9.07,77.25
545,9.08,77.25
546,9.1,77.25
547,9.12,77
548,9.13,77
549,9.15,77.25
550,9.17,76.75
551,9.18,76.75
552,9.2,76.75
553,9.22,76.5
554,9.23,76.5
555,9.25,76.5
556,9.27,76.5
557,9.28,76.5
558,9.3,76.5
559,9.32,75.75
560,9.33,76.25
561,9.35,76
562,9.37,76
563,9.38,76
564,9.4,75.5
565,9.42,75.75
566,9.43,75.75
567,9.45,75.75
568,9.47,75.5
569,9.48,75.75
570,9.5,75.5
571,9.52,75.25
572,9.53,75.75
573,9.55,75.25
574,9.57,75.25
575,9.58,75.25
576,9.6,75
577,9.62,75
578,9.63,75
579,9.65,75
580,9.67,75
581,9.68,75
582,9.7,74.75
583,9.72,74.75
584,9.73,74.75
585,9.75,74.75
586,9.77,75
587,9.78,74.75
588,9.8,74.5
589,9.82,74.5
590,9.83,74.25
591,9.85,74.75
592,9.87,74.5
593,9.88,74
594,9.9,74.25
595,9.92,74
596,9.93,73.5
597,9.95,74
598,9.97,74
599,9.98,73.75
600,10,73.75
601,10.02,73.75
602,10.03,73.5
603,10.05,73
604,10.07,73.5
605,10.08,73.75
606,10.1,73
607,10.12,73.5
608,10.13,73.25
609,10.15,72.75
610,10.17,73.25
611,10.18,72.75
612,10.2,73.25
613,10.22,73.25
614,10.23,73
615,10.25,73.25
616,10.27,73
617,10.28,72.5
618,10.3,72.5
619,10.32,72.75
620,10.33,72.5
621,10.35,72.5
622,10.37,72.5
623,10.38,72.25
624,10.4,72.5
625,10.42,72.5
626,10.43,72.5
627,10.45,72.25
628,10.47,72.25
629,10.48,72.25
630,10.5,72
631,10.52,71.75
632,10.53,71.5
633,10.55,71.5
634,10.57,71.75
635,10.58,71.5
636,10.6,71.75
637,10.62,71.75
638,10.63,71.75
639,10.65,71.75
640,10.67,71.5
641,10.68,71.25
642,10.7,71.75
643,10.72,71.5
644,10.73,71.5
645,10.75,71
646,10.77,71.25
647,10.78,71.5
648,10.8,70.5
649,10.82,71.5
650,10.83,71
651,10.85,71
652,10.87,70.75
653,10.88,71.25
654,10.9,71.25
655,10.92,71
656,10.93,71
657,10.95,71
658,10.97,70.5
659,10.98,71
660,11,70.75
661,11.02,70.75
662,11.03,70.75
663,11.05,70.5
664,11.07,70.5
665,11.08,70
666,11.1,70.5
667,11.12,70.5
668,11.13,70
669,11.15,70.25
670,11.17,70
671,11.18,69.75
672,11.2,70
673,11.22,70.25
674,11.23,70
675,11.25,70.25
676,11.27,69.75
677,11.28,69.5
678,11.3,69.5
679,11.32,69.5
680,11.33,69
681,11.35,69.5
682,11.37,69.75
683,11.38,69.25
684,11.4,68.75
685,11.42,69
686,11.43,69
687,11.45,69.5
688,11.47,69
689,11.48,69.5
690,11.5,68.75
691,11.52,69.25
692,11.53,68.75
693,11.55,69
694,11.57,69
695,11.58,68.75
696,11.6,67.75
697,11.62,68.25
698,11.63,68.5
699,11.65,68
700,11.67,68
701,11.68,68.5
702,11.7,68
703,11.72,68.25
704,11.73,68.25
705,11.75,68
706,11.77,68
707,11.78,67.75
708,11.8,67.75
709,11.82,68
710,11.83,68
711,11.85,68.25
712,11.87,67.75
713,11.88,67.5
714,11.9,67.75
715,11.92,68
716,11.93,67.75
717,11.95,68
718,11.97,67
719,11.98,67.5
720,12,67
721,12.02,67.5
722,12.03,67.5
723,12.05,67
724,12.07,67.25
725,12.08,67.25
726,12.1,67
727,12.12,67
728,12.13,67
729,12.15,67.25
730,12.17,67.25
731,12.18,66.25
732,12.2,66.5
733,12.22,66.75
734,12.23,66.75
735,12.25,66.75
736,12.27,67
737,12.28,66.75
738,12.3,66.75
739,12.32,66.75
740,12.33,66.75
741,12.35,67
742,12.37,66.75
743,12.38,66.5
744,12.4,66.75
745,12.42,66.25
746,12.43,66.5
747,12.45,66.25
748,12.47,66.25
749,12.48,66.5
750,12.5,66.5
751,12.52,66.25
752,12.53,66.25
753,12.55,66
754,12.57,66.25
755,12.58,66
756,12.6,66
757,12.62,66.25
758,12.63,66
759,12.65,65.75
760,12.67,66
761,12.68,65.5
762,12.7,65.25
763,12.72,65.75
764,12.73,65.5
765,12.75,65.25
766,12.77,65.75
767,12.78,65.5
768,12.8,65.75
769,12.82,65.5
770,12.83,65
771,12.85,65.25
772,12.87,64.75
773,12.88,65.25
774,12.9,65.25
775,12.92,65
776,12.93,65.25
777,12.95,65
778,12.97,65
779,12.98,65
780,13,64.75
781,13.02,64.75
782,13.03,64.5
783,13.05,64.75
784,13.07,64.75
785,13.08,64.75
786,13.1,64.5
787,13.12,64.5
788,13.13,64.25
789,13.15,64.5
790,13.17,64
791,13.18,64
792,13.2,63.75
793,13.22,64
794,13.23,64
795,13.25,64.25
796,13.27,64
797,13.28,64.25
798,13.3,64.25
799,13.32,64.25
800,13.33,64.25
801,13.35,63.75
802,13.37,64.25
803,13.38,64
804,13.4,63.75
805,13.42,63.5
806,13.43,63.5
807,13.45,63.75
808,13.47,63.5
809,13.48,64
810,13.5,63.5
811,13.52,63.5
812,13.53,63.25
813,13.55,63.25
814,13.57,63.5
815,13.58,63.25
816,13.6,63.5
817,13.62,63.25
818,13.63,63
819,13.65,62.75
820,13.67,63.25
821,13.68,63
822,13.7,63
823,13.72,63.25
824,13.73,62.75
825,13.75,62.5
826,13.77,62.75
827,13.78,63
828,13.8,62.75
829,13.82,62.5
830,13.83,62.5
831,13.85,62.75
832,13.87,63
833,13.88,62.25
834,13.9,62.5
835,13.92,62.5
836,13.93,62.25
837,13.95,62.5
838,13.97,62.5
839,13.98,62.25
840,14,62.25
841,14.02,62.5
842,14.03,62.25
843,14.05,62.25
844,14.07,61.75
845,14.08,61.75
846,14.1,62.25
847,14.12,62
848,14.13,62
849,14.15,61.5
850,14.17,62
851,14.18,62
852,14.2,61.75
853,14.22,61.75
854,14.23,61.5
855,14.25,61.5
856,14.27,61.75
857,14.28,62
858,14.3,61.75
859,14.32,61.5
860,14.33,61.5
861,14.35,61.25
862,14.37,61
863,14.38,61.5
864,14.4,61.5
865,14.42,61.25
866,14.43,61.25
867,14.45,61.25
868,14.47,61.25
869,14.48,61.25
870,14.5,61.25
871,14.52,61.25
872,14.53,61.5
873,14.55,60.75
874,14.57,61.25
875,14.58,61.25
876,14.6,61.25
877,14.62,61.25
878,14.63,60.75
879,14.65,61
880,14.67,61
881,14.68,61
882,14.7,61
883,14.72,60.5
884,14.73,61
885,14.75,61
886,14.77,60.75
887,14.78,60.75
888,14.8,60
889,14.82,60.75
890,14.83,60.5
891,14.85,60.5
892,14.87,60.5
893,14.88,60
894,14.9,60.5
895,14.92,60.5
896,14.93,60.5
897,14.95,60.25
898,14.97,60
899,14.98,60.25
900,15,60.25
901,15.02,60.25
902,15.03,59.5
903,15.05,60
904,15.07,60
905,15.08,60.25
906,15.1,60
907,15.12,59.75
908,15.13,59.75
909,15.15,60
910,15.17,59.75
911,15.18,59.75
912,15.2,59.75
913,15.22,59.75
914,15.23,59.5
915,15.25,59.75
916,15.27,59.5
917,15.28,59.75
918,15.3,59.5
919,15.32,59.75
920,15.33,59.25
921,15.35,59
922,15.37,59
923,15.38,59.5
924,15.4,59
925,15.42,59.25
926,15.43,59
927,15.45,58.75
928,15.47,59.25
929,15.48,59
930,15.5,59.25
931,15.52,59.5
932,15.53,59.25
933,15.55,58.75
934,15.57,58.75
935,15.58,59.25
936,15.6,58.5
937,15.62,58.75
938,15.63,58.5
939,15.65,59
940,15.67,58.5
941,15.68,58.75
942,15.7,58.75
943,15.72,58.5
944,15.73,58.5
945,15.75,58.75
946,15.77,58.75
947,15.78,58.75
948,15.8,58.5
949,15.82,58
950,15.83,58
951,15.85,58.5
952,15.87,58
953,15.88,58.25
954,15.9,58
955,15.92,58.25
956,15.93,58.5
957,15.95,57.5
958,15.97,58.25
959,15.98,58
960,16,58
961,16.02,58
962,16.03,58
963,16.05,58
964,16.07,58
965,16.08,57.75
966,16.1,57.75
967,16.12,58
968,16.13,57.75
969,16.15,57.75
970,16.17,57.75
971,16.18,57.75
972,16.2,57.5
973,16.22,57.5
974,16.23,57.5
975,16.25,57.75
976,16.27,58
977,16.28,57.5
978,16.3,57.25
979,16.32,56.75
980,16.33,57.5
981,16.35,56.75
982,16.37,57.75
983,16.38,57.25
984,16.4,57.25
985,16.42,57.5
986,16.43,57.25
987,16.45,57
988,16.47,57.25
989,16.48,57
990,16.5,57.25
991,16.52,57
992,16.53,56.75
993,16.55,56.5
994,16.57,57
995,16.58,57.25
996,16.6,56.75
997,16.62,57
998,16.63,56.5
999,16.65,56.75
1000,16.67,57
1001,16.68,56.75
1002,16.7,56.75
1003,16.72,56.75
1004,16.73,57
1005,16.75,56.5
1006,16.77,56.5
1007,16.78,56.75
1008,16.8,55.75
1009,16.82,56.5
1010,16.83,56.75
1011,16.85,56
1012,16.87,56.75
1013,16.88,56.25
1014,16.9,56.5
1015,16.92,56.75
1016,16.93,55.75
1017,16.95,56
1018,16.97,56.25
1019,16.98,55.5
1020,17,56.25
1021,17.02,56.5
1022,17.03,55.75
1023,17.05,56
1024,17.07,55.75
1025,17.08,56
1026,17.1,56
1027,17.12,55.75
1028,17.13,56
1029,17.15,56.25
1030,17.17,56
1031,17.18,55.75
1032,17.2,55.25
1033,17.22,55.25
1034,17.23,55.5
1035,17.25,55.5
1036,17.27,55.25
1037,17.28,55.75
1038,17.3,55
1039,17.32,55.75
1040,17.33,55.5
1041,17.35,55.5
1042,17.37,55.75
1043,17.38,55
1044,17.4,55.75
1045,17.42,55.5
1046,17.43,55.5
1047,17.45,55.5
1048,17.47,54.75
1049,17.48,55
1050,17.5,55
1051,17.52,55.25
1052,17.53,55
1053,17.55,55
1054,17.57,55
1055,17.58,55
1056,17.6,55
1057,17.62,55
1058,17.63,55
1059,17.65,55.25
1060,17.67,54.75
1061,17.68,55
1062,17.7,54.5
1063,17.72,55
1064,17.73,54.25
1065,17.75,54.5
1066,17.77,54.5
1067,17.78,54.5
1068,17.8,54.25
1069,17.82,54.75
1070,17.83,54.25
1071,17.85,54
1072,17.87,54.5
1073,17.88,54.5
1074,17.9,54.5
1075,17.92,54.75
1076,17.93,54.25
1077,17.95,54.75
1078,17.97,54.5
1079,17.98,54
1080,18,54
1081,18.02,54.25
1082,18.03,54.25
1083,18.05,54
1084,18.07,54
1085,18.08,54
1086,18.1,54.25
1087,18.12,53.5
1088,18.13,54
1089,18.15,54.25
1090,18.17,53.75
1091,18.18,54
1092,18.2,53.75
1093,18.22,53.75
1094,18.23,53.75
1095,18.25,53.5
1096,18.27,54
1097,18.28,54
1098,18.3,53.5
1099,18.32,53.5
1100,18.33,53.25
1101,18.35,53.25
1102,18.37,53.75
1103,18.38,54
1104,18.4,53
1105,18.42,53.5
1106,18.43,53.25
1107,18.45,53.75
1108,18.47,53.5
1109,18.48,53.5
1110,18.5,53.25
1111,18.52,53.75
1112,18.53,53.25
1113,18.55,53.75
1114,18.57,53.75
1115,18.58,53.5
1116,18.6,53.5
1117,18.62,53.5
1118,18.63,53
1119,18.65,53.25
1120,18.67,52.75
1121,18.68,52.5
1122,18.7,52.25
1123,18.72,53
1124,18.73,52.5
1125,18.75,52.75
1126,18.77,53.25
1127,18.78,53
1128,18.8,53
1129,18.82,53
1130,18.83,53
1131,18.85,53
1132,18.87,53
1133,18.88,52.5
1134,18.9,52.75
1135,18.92,53
1136,18.93,53.25
1137,18.95,52.75
1138,18.97,53
1139,18.98,52.5
1140,19,52.75
1141,19.02,52.75
1142,19.03,52.75
1143,19.05,53
1144,19.07,52.75
1145,19.08,52.5
1146,19.1,52.75
1147,19.12,52.5
1148,19.13,52.75
1149,19.15,52.5
1150,19.17,52
1151,19.18,52.5
1152,19.2,52.5
1153,19.22,52
1154,19.23,52.5
1155,19.25,52.5
1156,19.27,52.25
1157,19.28,52
1158,19.3,52.5
1159,19.32,52.25
1160,19.33,52.25
1161,19.35,52.25
1162,19.37,52
1163,19.38,52.25
1164,19.4,51.5
1165,19.42,52
1166,19.43,52
1167,19.45,52
1168,19.47,51.75
1169,19.48,51.75
1170,19.5,51.75
1171,19.52,52
1172,19.53,52
1173,19.55,52.25
1174,19.57,52.25
1175,19.58,51.5
1176,19.6,52
1177,19.62,52
1178,19.63,51.5
1179,19.65,52
1180,19.67,51.75
1181,19.68,51.75
1182,19.7,51.75
1183,19.72,51.5
1184,19.73,51.5
1185,19.75,51.5
1186,19.77,51.5
1187,19.78,51.5
1188,19.8,51.25
1189,19.82,51.5
1190,19.83,51.5
1191,19.85,51
1192,19.87,51
1193,19.88,51.5
1194,19.9,51.5
1195,19.92,51.25
1196,19.93,51.5
1197,19.95,51.5
1198,19.97,51.25
1199,19.98,51
1200,20,51
1201,20.02,50.75
1202,20.03,51.25
1203,20.05,51
1204,20.07,50.75
1205,20.08,51
1206,20.1,51.25
1207,20.12,51.25
1208,20.13,50.75
1209,20.15,51
1210,20.17,50.75
1211,20.18,50.75
1212,20.2,50.5
1213,20.22,51
1214,20.23,51
1215,20.25,50.25
1216,20.27,50.75
1217,20.28,50.5
1218,20.3,50.75
1219,20.32,50.5
1220,20.33,50.75
1221,20.35,50.75
1222,20.37,50.5
1223,20.38,50.5
1224,20.4,51
1225,20.42,50.5
1226,20.43,50.75
1227,20.45,50.5
1228,20.47,50.5
1229,20.48,50.75
1230,20.5,50.25
1231,20.52,50.25
1232,20.53,50
1233,20.55,50.5
1234,20.57,50.25
1235,20.58,49.75
1236,20.6,50
1237,20.62,50
1238,20.63,50.5
1239,20.65,50.5
1240,20.67,50.25
1241,20.68,50.25
1242,20.7,50.25
1243,20.72,49.75
1244,20.73,50.25
1245,20.75,50.25
1246,20.77,50.25
1247,20.78,50
1248,20.8,50.5
1249,20.82,50
1250,20.83,50
1251,20.85,50
1252,20.87,50.25
1253,20.88,50.25
1254,20.9,50
1255,20.92,50.25
1256,20.93,49.75
1257,20.95,49.75
1258,20.97,50
1259,20.98,50
1260,21,50
1261,21.02,50
1262,21.03,50
1263,21.05,50
1264,21.07,49.75
1265,21.08,49.5
1266,21.1,50
1267,21.12,50
1268,21.13,50
1269,21.15,50
1270,21.17,49.5
1271,21.18,49
1272,21.2,49.5
1273,21.22,49.75
1274,21.23,48.75
1275,21.25,49.75
1276,21.27,49.5
1277,21.28,49.75
1278,21.3,49.75
1279,21.32,49.75
1280,21.33,49.75
1281,21.35,49.75
1282,21.37,49.75
1283,21.38,49.75
1284,21.4,49.25
1285,21.42,49.75
1286,21.43,49.5
1287,21.45,49.5
1288,21.47,49
1289,21.48,49.25
1290,21.5,49.25
1291,21.52,49.25
1292,21.53,49.5
1293,21.55,49
1294,21.57,48.75
1295,21.58,49.5
1296,21.6,49.5
1297,21.62,49.25
1298,21.63,49
1299,21.65,49.25
1300,21.67,49
1301,21.68,49.5
1302,21.7,48.75
1303,21.72,48.5
1304,21.73,49.25
1305,21.75,48.75
1306,21.77,49
1307,21.78,49
1308,21.8,48.75
1309,21.82,49
1310,21.83,48.75
1311,21.85,48.5
1312,21.87,49
1313,21.88,49
1314,21.9,48.5
1315,21.92,48.75
1316,21.93,48.25
1317,21.95,48.75
1318,21.97,48.25
1319,21.98,48.5
1320,22,48.75
1321,22.02,48.75
1322,22.03,48.75
1323,22.05,48.75
1324,22.07,48.5
1325,22.08,48.75
1326,22.1,48.75
1327,22.12,48.5
1328,22.13,48.5
1329,22.15,48.5
1330,22.17,48.25
1331,22.18,48.5
1332,22.2,48
1333,22.22,47.75
1334,22.23,48.5
1335,22.25,48
1336,22.27,48
1337,22.28,48.25
1338,22.3,48.25
1339,22.32,47.75
1340,22.33,48.5
1341,22.35,48.25
1342,22.37,47.75
1343,22.38,48
1344,22.4,48.25
1345,22.42,48.25
1346,22.43,48.25
1347,22.45,48
1348,22.47,48
1349,22.48,47.5
1350,22.5,48.5
1351,22.52,47.75
1352,22.53,47.5
1353,22.55,48
1354,22.57,48.25
1355,22.58,48
1356,22.6,48
1357,22.62,47.5
1358,22.63,48
1359,22.65,48
1360,22.67,47.75
1361,22.68,47.75
1362,22.7,47.5
1363,22.72,47.75
1364,22.73,48.25
1365,22.75,48
1366,22.77,48
1367,22.78,47.5
1368,22.8,47.75
1369,22.82,48
1370,22.83,48
1371,22.85,47.5
1372,22.87,48
1373,22.88,47.25
1374,22.9,48
1375,22.92,47.75
1376,22.93,47.75
1377,22.95,47.5
1378,22.97,48
1379,22.98,47.75
1380,23,47.75
1381,23.02,47.75
1382,23.03,47.5
1383,23.05,47.75
1384,23.07,47.75
1385,23.08,47.75
1386,23.1,47.5
1387,23.12,47.25
1388,23.13,47.75
1389,23.15,47.5
1390,23.17,47.25
1391,23.18,47.5
1392,23.2,47.5
1393,23.22,47.75
1394,23.23,47.5
1395,23.25,47.25
1396,23.27,47.75
1397,23.28,47.75
1398,23.3,47.5
1399,23.32,47
1400,23.33,47.25
1401,23.35,47.5
1402,23.37,47.25
1403,23.38,47.25
1404,23.4,47.25
1405,23.42,46.75
1406,23.43,47.25
1407,23.45,47.5
1408,23.47,46.75
1409,23.48,47.25
1410,23.5,47
1411,23.52,47.25
1412,23.53,47.25
1413,23.55,47
1414,23.57,47
1415,23.58,47
1416,23.6,47.25
1417,23.62,47
1418,23.63,46.75
1419,23.65,46.25
1420,23.67,47
1421,23.68,46.75
1422,23.7,46.75
1423,23.72,46.75
1424,23.73,46.75
1425,23.75,46.25
1426,23.77,46.75
1427,23.78,46.75
1428,23.8,46.75
1429,23.82,46.5
1430,23.83,46.75
1431,23.85,46.25
1432,23.87,46.25
1433,23.88,46.5
1434,23.9,46.5
1435,23.92,46.5
1436,23.93,46.25
1437,23.95,46.25
1438,23.97,46.25
1439,23.98,46.25
1440,24,46
1441,24.02,46
1442,24.03,46.5
1443,24.05,46.25
1444,24.07,45.5
1445,24.08,46
1446,24.1,46
1447,24.12,45.5
1448,24.13,46
1449,24.15,46
1450,24.17,46
1451,24.18,46
1452,24.2,46
1453,24.22,46
1454,24.23,45.75
1455,24.25,46
1456,24.27,45.75
1457,24.28,45.75
1458,24.3,45.25
1459,24.32,45
1460,24.33,46
1461,24.35,46
1462,24.37,46
1463,24.38,45.75
1464,24.4,46
1465,24.42,45.5
1466,24.43,45.25
1467,24.45,45.5
1468,24.47,45.25
1469,24.48,45.75
1470,24.5,45.5
1471,24.52,45.25
1472,24.53,45.75
1473,24.55,45.5
1474,24.57,45.75
1475,24.58,45.5
1476,24.6,45.25
1477,24.62,45.25
1478,24.63,45.5
1479,24.65,45.25
1480,24.67,45.25
1481,24.68,45
1482,24.7,45.25
1483,24.72,45.5
1484,24.73,45
1485,24.75,45.5
1486,24.77,45.25
1487,24.78,45.25
1488,24.8,45.5
1489,24.82,45.25
1490,24.83,45
1491,24.85,45
1492,24.87,45.25
1493,24.88,44.75
1494,24.9,45
1495,24.92,45
1496,24.93,45
1497,24.95,45
1498,24.97,44.75
1499,24.98,44.25
1500,25,44.75
1501,25.02,44.5
1502,25.03,44.5
1503,25.05,44.75
1504,25.07,44.75
1505,25.08,44.5
1506,25.1,44.5
1507,25.12,44.5
1508,25.13,44.75
1509,25.15,44.25
1510,25.17,44.75
1511,25.18,43.75
1512,25.2,44.5
1513,25.22,44.5
1514,25.23,44.5
1515,25.25,44.75
1516,25.27,44.5
1517,25.28,44.75
1518,25.3,44.5
1519,25.32,44.25
1520,25.33,44.25
1521,25.35,44.25
1522,25.37,44.5
1523,25.38,44.5
1524,25.4,44
1525,25.42,44.5
1526,25.43,43.75
1527,25.45,44.5
1528,25.47,44.5
1529,25.48,44
1530,25.5,44.5
1531,25.52,44.75
1532,25.53,44.25
1533,25.55,43.75
1534,25.57,44.5
1535,25.58,44
1536,25.6,44
1537,25.62,44
1538,25.63,44
1539,25.65,44.5
1540,25.67,44.25
1541,25.68,44.25
1542,25.7,44.25
1543,25.72,44.5
1544,25.73,44
1545,25.75,44.25
1546,25.77,43.75
1547,25.78,44.5
1548,25.8,43.75
1549,25.82,44
1550,25.83,44
1551,25.85,44.25
1552,25.87,43.75
1553,25.88,44.25
1554,25.9,44.25
1555,25.92,43.75
1556,25.93,44
1557,25.95,43.25
1558,25.97,43.75
1559,25.98,43.25
1560,26,43.75
1561,26.02,43.25
1562,26.03,44
1563,26.05,43.75
1564,26.07,44
1565,26.08,44
1566,26.1,43.5
1567,26.12,43.75
1568,26.13,43.75
1569,26.15,43.5
1570,26.17,44
1571,26.18,43.75
1572,26.2,43.75
1573,26.22,43.5
1574,26.23,43.25
1575,26.25,43.5
1576,26.27,43.25
1577,26.28,43.25
1578,26.3,42.75
1579,26.32,44
1580,26.33,43
1581,26.35,44
1582,26.37,43.25
1583,26.38,43.25
1584,26.4,43.25
1585,26.42,43.75
1586,26.43,43.5
1587,26.45,43
1588,26.47,43.5
1589,26.48,42.75
1590,26.5,43.5
1591,26.52,43.5
1592,26.53,43
1593,26.55,43.25
1594,26.57,43
1595,26.58,43.5
1596,26.6,43.25
1597,26.62,43.25
1598,26.63,42.75
1599,26.65,43
1600,26.67,42.5
1601,26.68,43
1602,26.7,42.75
1603,26.72,43
1604,26.73,42.5
1605,26.75,43
1606,26.77,42.75
1607,26.78,43.25
1608,26.8,43
1609,26.82,43.25
1610,26.83,43
1611,26.85,42.75
1612,26.87,43
1613,26.88,42.75
1614,26.9,43
1615,26.92,43
1616,26.93,42.75
1617,26.95,42.75
1618,26.97,42.75
1619,26.98,42.25
1620,27,42.5
1621,27.02,42.5
1622,27.03,42.5
1623,27.05,42
1624,27.07,43
1625,27.08,43
1626,27.1,42.5
1627,27.12,43
1628,27.13,42.75
1629,27.15,42.75
1630,27.17,43
1631,27.18,42.25
1632,27.2,42.5
1633,27.22,42.75
1634,27.23,42.75
1635,27.25,43
1636,27.27,42.5
1637,27.28,42.5
1638,27.3,42.75
1639,27.32,42.25
1640,27.33,42
1641,27.35,42.25
1642,27.37,42.25
1643,27.38,42.5
1644,27.4,42.5
1645,27.42,42.75
1646,27.43,41.75
1647,27.45,42.25
1648,27.47,42.25
1649,27.48,42.25
1650,27.5,42.5
1651,27.52,42.5
1652,27.53,42.5
1653,27.55,42.5
1654,27.57,42.75
1655,27.58,42
1656,27.6,42
1657,27.62,42.5
1658,27.63,42.25
1659,27.65,42.5
1660,27.67,42.25
1661,27.68,42.5
1662,27.7,42
1663,27.72,42.5
1664,27.73,42.5
1665,27.75,42.25
1666,27.77,42.75
1667,27.78,42.5
1668,27.8,42.25
1669,27.82,41.5
1670,27.83,41.75
1671,27.85,42
1672,27.87,42.25
1673,27.88,41.75
1674,27.9,42
1675,27.92,42
1676,27.93,42.25
1677,27.95,42
1678,27.97,41.75
1679,27.98,41.25
1680,28,41.25
1681,28.02,41.75
1682,28.03,42
1683,28.05,41.5
1684,28.07,41.75
1685,28.08,41.75
1686,28.1,41.5
1687,28.12,42
1688,28.13,42
1689,28.15,41.5
1690,28.17,41.75
1691,28.18,41.75
1692,28.2,41.75
1693,28.22,41.75
1694,28.23,42
1695,28.25,42
1696,28.27,41.75
1697,28.28,42
1698,28.3,41.25
1699,28.32,42
1700,28.33,41.75
1701,28.35,41.75
1702,28.37,41.5
1703,28.38,41.5
1704,28.4,41.75
1705,28.42,41.75
1706,28.43,41.75
1707,28.45,41.5
1708,28.47,41.5
1709,28.48,41.5
1710,28.5,41.75
1711,28.52,41.75
1712,28.53,41.5
1713,28.55,41.5
1714,28.57,41.25
1715,28.58,41.5
1716,28.6,41.25
1717,28.62,41.75
1718,28.63,41.75
1719,28.65,41
1720,28.67,40.75
1721,28.68,41.25
1722,28.7,41.5
1723,28.72,41.25
1724,28.73,41.25
1725,28.75,41
1726,28.77,41.25
1727,28.78,41
1728,28.8,41.5
1729,28.82,41
1730,28.83,41.25
1731,28.85,41.25
1732,28.87,40.75
1733,28.88,41.25
1734,28.9,41.25
1735,28.92,41.25
1736,28.93,41.25
1737,28.95,41
1738,28.97,41
1739,28.98,41
1740,29,40.75
1741,29.02,40.75
1742,29.03,40.75
1743,29.05,41
1744,29.07,41
1745,29.08,41
1746,29.1,41
1747,29.12,40.5
1748,29.13,40.75
1749,29.15,40.75
1750,29.17,41.25
1751,29.18,40.5
1752,29.2,40.5
1753,29.22,40.25
1754,29.23,40.5
1755,29.25,40.25
1756,29.27,40.75
1757,29.28,40.5
1758,29.3,41
1759,29.32,40.75
1760,29.33,40.5
1761,29.35,41
1762,29.37,40.5
1763,29.38,40.5
1764,29.4,40.75
1765,29.42,40.5
1766,29.43,41
1767,29.45,40.5
1768,29.47,41
1769,29.48,40.25
1770,29.5,40.25
1771,29.52,40.75
1772,29.53,40.5
1773,29.55,40.5
1774,29.57,40.25
1775,29.58,40.75
1776,29.6,40.25
1777,29.62,40.25
1778,29.63,40
1779,29.65,41
1780,29.67,40.75
1781,29.68,40.25
1782,29.7,40
1783,29.72,40.5
1784,29.73,40.75
1785,29.75,40.5
1786,29.77,40
1787,29.78,40
1788,29.8,39.75
1789,29.82,40.5
1790,29.83,40.25
1791,29.85,40
1792,29.87,40.5
1793,29.88,40.25
1794,29.9,40
1795,29.92,40.5
1796,29.93,40.25
1797,29.95,40.5
1798,29.97,40.25
1799,29.98,39.75
1800,30,40.25
1801,30.02,39.75
1802,30.03,40.25
1803,30.05,39.75
1804,30.07,40.25
1805,30.08,40.25
1806,30.1,40.25
1807,30.12,40.25
1808,30.13,39.75
1809,30.15,40.25
1810,30.17,39.75
1811,30.18,40
1812,30.2,39.5
1813,30.22,40
1814,30.23,40.25
1815,30.25,40
1816,30.27,40.25
1817,30.28,39.5
1818,30.3,39.5
1819,30.32,39.5
1820,30.33,40.25
1821,30.35,40.25
1822,30.37,39.75
1823,30.38,39.5
1824,30.4,39.75
1825,30.42,40
1826,30.43,40
1827,30.45,39.75
1828,30.47,39.5
1829,30.48,39.75
1830,30.5,39.75
1831,30.52,39.75
1832,30.53,39.5
1833,30.55,39
1834,30.57,39.25
1835,30.58,39.75
1836,30.6,39.75
1837,30.62,39.5
1838,30.63,39.75
1839,30.65,39.25
1840,30.67,39.25
1841,30.68,39.75
1842,30.7,40
1843,30.72,39.75
1844,30.73,39.5
1845,30.75,39.75
1846,30.77,39.5
1847,30.78,39.5
1848,30.8,39.5
1849,30.82,39.25
1850,30.83,39.5
1851,30.85,39.5
1852,30.87,39.25
1853,30.88,39
1854,30.9,39.5
1855,30.92,39.75
1856,30.93,39
1857,30.95,39.75
1858,30.97,39
1859,30.98,39.75
1860,31,39.5
1861,31.02,39.25
1862,31.03,39.5
1863,31.05,39.25
1864,31.07,39.5
1865,31.08,39.25
1866,31.1,39.25
1867,31.12,39
1868,31.13,39
1869,31.15,39.25
1870,31.17,39.5
1871,31.18,39.25
1872,31.2,39.25
1873,31.22,39.25
1874,31.23,39.25
1875,31.25,39
1876,31.27,39.25
1877,31.28,39.25
1878,31.3,38.75
1879,31.32,39.25
1880,31.33,39.25
1881,31.35,39.25
1882,31.37,39.25
1883,31.38,39.25
1884,31.4,38.5
1885,31.42,39
1886,31.43,38.75
1887,31.45,39
1888,31.47,39.25
1889,31.48,38.5
1890,31.5,39.25
1891,31.52,39
1892,31.53,39
1893,31.55,39
1894,31.57,38.75
1895,31.58,39.25
1896,31.6,39.25
1897,31.62,39
1898,31.63,38.25
1899,31.65,38.5
1900,31.67,38.5
1901,31.68,39
1902,31.7,39
1903,31.72,38.25
1904,31.73,39
1905,31.75,38.75
1906,31.77,38.75
1907,31.78,38.75
1908,31.8,38.75
1909,31.82,38.25
1910,31.83,38.75
1911,31.85,38.5
1912,31.87,38.5
1913,31.88,38.5
1914,31.9,38.75
1915,31.92,38.5
1916,31.93,38.75
1917,31.95,38.25
1918,31.97,38.75
1919,31.98,38.75
1920,32,38.75
1921,32.02,38.75
1922,32.03,38.75
1923,32.05,38.75
1924,32.07,38.25
1925,32.08,38.5
1926,32.1,38.75
1927,32.12,38.75
1928,32.13,38.5
1929,32.15,38.75
1930,32.17,38.25
1931,32.18,38.25
1932,32.2,38.5
1933,32.22,38
1934,32.23,38.25
1935,32.25,38.5
1936,32.27,38
1937,32.28,38.25
1938,32.3,38.5
1939,32.32,38.25
1940,32.33,38.5
1941,32.35,38.5
1942,32.37,38.5
1943,32.38,38.5
1944,32.4,38.25
1945,32.42,38.25
1946,32.43,38.5
1947,32.45,38.5
1948,32.47,38
1949,32.48,38.25
1950,32.5,38.25
1951,32.52,38.25
1952,32.53,38.25
1953,32.55,37.75
1954,32.57,38.5
1955,32.58,38.25
1956,32.6,38.25
1957,32.62,38
1958,32.63,38
1959,32.65,38.25
1960,32.67,38
1961,32.68,38
1962,32.7,37.75
1963,32.72,38.25
1964,32.73,38
1965,32.75,38
1966,32.77,38
1967,32.78,38.25
1968,32.8,38
1969,32.82,38
1970,32.83,38.25
1971,32.85,38
1972,32.87,38.25
1973,32.88,37.75
1974,32.9,37.5
1975,32.92,37.5
1976,32.93,38.25
1977,32.95,38
1978,32.97,37.5
1979,32.98,37.75
1980,33,38
1981,33.02,38
1982,33.03,38
1983,33.05,38
1984,33.07,38.25
1985,33.08,38
1986,33.1,37.75
1987,33.12,38
1988,33.13,38
1989,33.15,37.75
1990,33.17,37.75
1991,33.18,37.5
1992,33.2,37.75
1993,33.22,37.5
1994,33.23,38
1995,33.25,37.75
1996,33.27,37.75
1997,33.28,37.75
1998,33.3,37.75
1999,33.32,37.5
2000,33.33,37.5
2001,33.35,37.75
2002,33.37,37.75
2003,33.38,37.5
2004,33.4,37.75
2005,33.42,37.75
2006,33.43,37.25
2007,33.45,37.5
2008,33.47,37.25
2009,33.48,37.5
2010,33.5,37.25
2011,33.52,37.5
2012,33.53,37.75
2013,33.55,37.25
2014,33.57,37.5
2015,33.58,37.5
2016,33.6,37.5
2017,33.62,37.5
2018,33.63,37.5
2019,33.65,37.5
2020,33.67,37.75
2021,33.68,37.25
2022,33.7,37.5
2023,33.72,37.5
2024,33.73,37.5
2025,33.75,37.75
2026,33.77,37.25
2027,33.78,37.5
2028,33.8,37.5
2029,33.82,36.75
2030,33.83,37.75
2031,33.85,37.5
2032,33.87,37.5
2033,33.88,37.5
2034,33.9,37.5
2035,33.92,36.75
2036,33.93,37.25
2037,33.95,37.5
2038,33.97,36.75
2039,33.98,37.25
2040,34,37.25
2041,34.02,37.25
2042,34.03,37.25
2043,34.05,36.75
2044,34.07,37.25
2045,34.08,37.25
2046,34.1,37
2047,34.12,37.25
2048,34.13,37.25
2049,34.15,37
2050,34.17,37.25
2051,34.18,37.25
2052,34.2,37
2053,34.22,37.25
2054,34.23,36.75
2055,34.25,37
2056,34.27,36.75
2057,34.28,37.25
2058,34.3,37
2059,34.32,37
2060,34.33,37
2061,34.35,37
2062,34.37,37
2063,34.38,36.5
2064,34.4,37
2065,34.42,37.25
2066,34.43,36.75
2067,34.45,36.75
2068,34.47,37.25
2069,34.48,37
2070,34.5,37
2071,34.52,36.75
2072,34.53,36.75
2073,34.55,37
2074,34.57,36.5
2075,34.58,36.75
2076,34.6,36.75
2077,34.62,36.75
2078,34.63,37
2079,34.65,36.75
2080,34.67,36.75
2081,34.68,36.75
2082,34.7,36.75
2083,34.72,36.75
2084,34.73,37
2085,34.75,36.75
2086,34.77,36.75
2087,34.78,36.5
2088,34.8,36.75
2089,34.82,36.25
2090,34.83,36.25
2091,34.85,36.5
2092,34.87,37
2093,34.88,36.25
2094,34.9,36.5
2095,34.92,36.5
2096,34.93,36.75
2097,34.95,36.75
2098,34.97,36.75
2099,34.98,36.5
2100,35,36.75
2101,35.02,36.25
2102,35.03,36.75
2103,35.05,36
2104,35.07,36.75
2105,35.08,36.5
2106,35.1,36.5
2107,35.12,36.5
2108,35.13,36
2109,35.15,36.25
2110,35.17,36.5
2111,35.18,36.25
2112,35.2,36.5
2113,35.22,36
2114,35.23,36
2115,35.25,36.5
2116,35.27,36.5
2117,35.28,36.5
2118,35.3,36
2119,35.32,36.25
2120,35.33,36.25
2121,35.35,35.5
2122,35.37,36.75
2123,35.38,36.25
2124,35.4,36.25
2125,35.42,36.25
2126,35.43,36.5
2127,35.45,36.25
2128,35.47,36.5
2129,35.48,36.75
2130,35.5,36.25
2131,35.52,36.25
2132,35.53,36.5
2133,35.55,36.5
2134,35.57,36.25
2135,35.58,36.25
2136,35.6,36
2137,35.62,36.25
2138,35.63,36.5
2139,35.65,36.25
2140,35.67,36.5
2141,35.68,36
2142,35.7,36
2143,35.72,36
2144,35.73,36.25
2145,35.75,36
2146,35.77,36.25
2147,35.78,36.5
2148,35.8,35.75
2149,35.82,36
2150,35.83,36.25
2151,35.85,36.25
2152,35.87,36.25
2153,35.88,36.5
2154,35.9,36
2155,35.92,35.75
2156,35.93,36
2157,35.95,36
2158,35.97,36.25
2159,35.98,36.25
2160,36,36
2161,36.02,35.75
2162,36.03,36
2163,36.05,35.25
2164,36.07,36
2165,36.08,36
2166,36.1,36.25
2167,36.12,36
2168,36.13,36
2169,36.15,36
2170,36.17,36.25
2171,36.18,35.5
2172,36.2,36
2173,36.22,35.25
2174,36.23,36
2175,36.25,36
2176,36.27,35.75
2177,36.28,35.5
2178,36.3,36
2179,36.32,36.25
2180,36.33,35.75
2181,36.35,36
2182,36.37,36
2183,36.38,35.75
2184,36.4,35.75
2185,36.42,35
2186,36.43,35.75
2187,36.45,36
2188,36.47,36
2189,36.48,36
2190,36.5,36
2191,36.52,35.5
2192,36.53,35.5
2193,36.55,35.75
2194,36.57,36
2195,36.58,35.5
2196,36.6,35.75
2197,36.62,35.25
2198,36.63,35.75
2199,36.65,35.5
2200,36.67,35.75
2201,36.68,35.5
2202,36.7,35.75
2203,36.72,35.75
2204,36.73,35.25
2205,36.75,35.75
2206,36.77,35.25
2207,36.78,35.75
2208,36.8,35.75
2209,36.82,35.5
2210,36.83,35.5
2211,36.85,35.75
2212,36.87,35.75
2213,36.88,35.75
2214,36.9,35.5
2215,36.92,35.75
2216,36.93,35.5
2217,36.95,35.75
2218,36.97,35.5
2219,36.98,35.75
2220,37,35.75
2221,37.02,35.5
2222,37.03,35.25
2223,37.05,35.5
2224,37.07,34.75
2225,37.08,34.75
2226,37.1,35.25
2227,37.12,35.25
2228,37.13,35.25
2229,37.15,35.25
2230,37.17,35.5
2231,37.18,35.5
2232,37.2,35.5
2233,37.22,35
2234,37.23,35.5
2235,37.25,35.25
2236,37.27,35.5
2237,37.28,34.5
2238,37.3,35.5
2239,37.32,35
2240,37.33,35.5
2241,37.35,35.5
2242,37.37,35.5
2243,37.38,35.5
2244,37.4,35.5
2245,37.42,35
2246,37.43,35.25
2247,37.45,35.5
2248,37.47,35.75
2249,37.48,35.5
2250,37.5,35
2251,37.52,35.5
2252,37.53,34.75
2253,37.55,35.5
2254,37.57,35
2255,37.58,35.25
2256,37.6,34.75
2257,37.62,35.5
2258,37.63,35.5
2259,37.65,34.75
2260,37.67,35
2261,37.68,35.25
2262,37.7,35.5
2263,37.72,35
2264,37.73,34.75
2265,37.75,35
2266,37.77,35.5
2267,37.78,35.5
2268,37.8,35.25
2269,37.82,35.25
2270,37.83,35.25
2271,37.85,35
2272,37.87,35.25
2273,37.88,35.25
2274,37.9,35.25
2275,37.92,34.5
2276,37.93,35
2277,37.95,35
2278,37.97,34.25
2279,37.98,35
2280,38,35
2281,38.02,35
2282,38.03,34.5
2283,38.05,35.25
2284,38.07,35
2285,38.08,34.5
2286,38.1,35
2287,38.12,34.75
2288,38.13,34.5
2289,38.15,34.75
2290,38.17,34.75
2291,38.18,35
2292,38.2,34.25
2293,38.22,35
2294,38.23,35
2295,38.25,34
2296,38.27,35
2297,38.28,34.75
2298,38.3,34.75
2299,38.32,34.75
2300,38.33,34.75
2301,38.35,34.75
2302,38.37,34.25
2303,38.38,34.75
2304,38.4,34.25
2305,38.42,34.75
2306,38.43,34.25
2307,38.45,34.5
2308,38.47,34.75
2309,38.48,34.75
2310,38.5,34.25
2311,38.52,34.5
2312,38.53,34.75
2313,38.55,34.5
2314,38.57,34
2315,38.58,34.5
2316,38.6,34
2317,38.62,34.75
2318,38.63,34.75
2319,38.65,33.75
2320,38.67,34.5
2321,38.68,34.5
2322,38.7,34.25
2323,38.72,34.25
2324,38.73,34.25
2325,38.75,34.5
2326,38.77,34
2327,38.78,34.5
2328,38.8,34
2329,38.82,34.25
2330,38.83,34.25
2331,38.85,34.25
2332,38.87,34.5
2333,38.88,34.5
2334,38.9,34.25
2335,38.92,34.25
2336,38.93,34.25
2337,38.95,34.25
2338,38.97,34.5
2339,38.98,33.75
2340,39,34
2341,39.02,34
2342,39.03,34.25
2343,39.05,34.5
2344,39.07,34.25
2345,39.08,34.5
2346,39.1,34.25
2347,39.12,34
2348,39.13,34
2349,39.15,33.5
2350,39.17,34.5
2351,39.18,34.5
2352,39.2,34
2353,39.22,34
2354,39.23,34
2355,39.25,34.25
2356,39.27,34
2357,39.28,34.5
2358,39.3,34.5
2359,39.32,34.25
2360,39.33,33.75
2361,39.35,34.25
2362,39.37,34.5
2363,39.38,34.5
2364,39.4,34.25
2365,39.42,33.75
2366,39.43,34.75
2367,39.45,34.25
2368,39.47,34
2369,39.48,33.75
2370,39.5,34
2371,39.52,34
2372,39.53,34.25
2373,39.55,33.75
2374,39.57,34.25
2375,39.58,33.75
2376,39.6,34.25
2377,39.62,34.25
2378,39.63,34
2379,39.65,34
2380,39.67,34.25
2381,39.68,34
2382,39.7,33.75
2383,39.72,34.25
2384,39.73,34
2385,39.75,34
2386,39.77,34
2387,39.78,33.75
2388,39.8,34.25
2389,39.82,33.75
2390,39.83,33.75
2391,39.85,34
2392,39.87,34
2393,39.88,34.25
2394,39.9,34
2395,39.92,34.25
2396,39.93,33.75
2397,39.95,34
2398,39.97,34
2399,39.98,34
2400,40,34
2401,40.02,34
2402,40.03,34.25
2403,40.05,33.5
2404,40.07,34
2405,40.08,34.25
2406,40.1,33.5
2407,40.12,34.25
2408,40.13,33.75
2409,40.15,34.25
2410,40.17,34
2411,40.18,34.25
2412,40.2,34.25
2413,40.22,33.25
2414,40.23,34.25
2415,40.25,34.25
2416,40.27,34
2417,40.28,33.75
2418,40.3,34
2419,40.32,33.75
2420,40.33,34
2421,40.35,33.5
2422,40.37,34
2423,40.38,34
2424,40.4,34.25
2425,40.42,34
2426,40.43,33.75
2427,40.45,34.25
2428,40.47,33.75
2429,40.48,34.25
2430,40.5,33.5
2431,40.52,33.75
2432,40.53,33.25
2433,40.55,33
2434,40.57,33.75
2435,40.58,33.75
2436,40.6,33.25
2437,40.62,33.25
2438,40.63,33.5
2439,40.65,33.75
2440,40.67,33.5
2441,40.68,33.5
2442,40.7,33.5
2443,40.72,33.75
2444,40.73,32.75
2445,40.75,33.5
2446,40.77,33
2447,40.78,32.75
2448,40.8,33.5
2449,40.82,33.75
2450,40.83,33.25
2451,40.85,33.25
2452,40.87,33.25
2453,40.88,33.5
2454,40.9,33.25
2455,40.92,33.25
2456,40.93,33.25
2457,40.95,33.5
2458,40.97,32.5
2459,40.98,33.5
2460,41,33.25
2461,41.02,33.5
2462,41.03,33.25
2463,41.05,32.75
2464,41.07,32.75
2465,41.08,33.25
2466,41.1,33.25
2467,41.12,32.75
2468,41.13,33
2469,41.15,33.25
2470,41.17,33.25
2471,41.18,33
2472,41.2,33.25
2473,41.22,33
2474,41.23,32.75
2475,41.25,32.5
2476,41.27,33.25
2477,41.28,32.75
2478,41.3,33.25
2479,41.32,32.75
2480,41.33,33
2481,41.35,32.75
2482,41.37,32.5
2483,41.38,32.5
2484,41.4,32.75
2485,41.42,32.75
2486,41.43,32.75
2487,41.45,33
2488,41.47,32.75
2489,41.48,32.5
2490,41.5,33.25
2491,41.52,32.5
2492,41.53,33
2493,41.55,33
2494,41.57,32.25
2495,41.58,32.75
2496,41.6,32.5
2497,41.62,32.75
2498,41.63,32.75
2499,41.65,32.5
2500,41.67,32.75
2501,41.68,32.75
2502,41.7,32.75
2503,41.72,32.75
2504,41.73,32.75
2505,41.75,32.75
2506,41.77,33.25
2507,41.78,33.25
2508,41.8,32.75
2509,41.82,32.75
2510,41.83,32.75
2511,41.85,33
2512,41.87,32.75
2513,41.88,32.75
2514,41.9,33
2515,41.92,32.75
2516,41.93,33
2517,41.95,32.75
2518,41.97,32.5
2519,41.98,33
2520,42,32.75
2521,42.02,32.5
2522,42.03,32.5
2523,42.05,32.75
2524,42.07,32.75
2525,42.08,32.75
2526,42.1,32.5
2527,42.12,32.5
2528,42.13,33
2529,42.15,32.75
2530,42.17,32.75
2531,42.18,32.75
2532,42.2,33
2533,42.22,32.5
2534,42.23,32.75
2535,42.25,32.5
2536,42.27,32.25
2537,42.28,32.75
2538,42.3,32.5
2539,42.32,32.5
2540,42.33,33
2541,42.35,32.25
2542,42.37,32.5
2543,42.38,32.25
2544,42.4,32.5
2545,42.42,32.5
2546,42.43,32.5
2547,42.45,32.25
2548,42.47,32.25
2549,42.48,32.25
2550,42.5,32.5
2551,42.52,32.5
2552,42.53,32.25
2553,42.55,32.25
2554,42.57,32.75
2555,42.58,32.75
2556,42.6,32.5
2557,42.62,32.5
2558,42.63,32.75
2559,42.65,32.5
2560,42.67,32
2561,42.68,32.25
2562,42.7,32.25
2563,42.72,31.75
2564,42.73,32.25
2565,42.75,32.5
2566,42.77,32
2567,42.78,32
2568,42.8,32.5
2569,42.82,32
2570,42.83,32
2571,42.85,32.25
2572,42.87,32.5
2573,42.88,32.25
2574,42.9,32.5
2575,42.92,32.5
2576,42.93,32.25
2577,42.95,32.5
2578,42.97,32.5
2579,42.98,32.25
2580,43,32.5
2581,43.02,32.5
2582,43.03,32
2583,43.05,32
2584,43.07,32.25
2585,43.08,32.25
2586,43.1,32.5
2587,43.12,32.5
2588,43.13,32.25
2589,43.15,32.25
2590,43.17,32.25
2591,43.18,32
2592,43.2,32.25
2593,43.22,32
2594,43.23,32.5
2595,43.25,32.5
2596,43.27,32.25
2597,43.28,31.25
2598,43.3,32.5
2599,43.32,31.75
2600,43.33,31.5
2601,43.35,32.5
2602,43.37,32
2603,43.38,32.25
2604,43.4,31.75
2605,43.42,32
2606,43.43,32.25
2607,43.45,31.75
2608,43.47,32.25
2609,43.48,32.75
2610,43.5,32.25
2611,43.52,32.25
2612,43.53,32.25
2613,43.55,31.75
2614,43.57,32
2615,43.58,32
2616,43.6,32
2617,43.62,32
2618,43.63,32.5
2619,43.65,31.75
2620,43.67,32.25
2621,43.68,32
2622,43.7,31.5
2623,43.72,32.25
2624,43.73,32.25
2625,43.75,31.5
2626,43.77,31.5
2627,43.78,32.25
2628,43.8,32
2629,43.82,32
2630,43.83,32.25
2631,43.85,31.75
2632,43.87,32
2633,43.88,32
2634,43.9,31.75
2635,43.92,32.25
2636,43.93,31.75
2637,43.95,32
2638,43.97,31.75
2639,43.98,32
2640,44,32
2641,44.02,31.5
2642,44.03,31.75
2643,44.05,31.75
2644,44.07,31.75
2645,44.08,31.75
2646,44.1,31.75
2647,44.12,31.75
2648,44.13,31.75
2649,44.15,32
2650,44.17,31.75
2651,44.18,32
2652,44.2,32
2653,44.22,31.75
2654,44.23,31.75
2655,44.25,32
2656,44.27,31.75
2657,44.28,32
2658,44.3,32
2659,44.32,32
2660,44.33,32
2661,44.35,32
2662,44.37,31.75
2663,44.38,31.75
2664,44.4,32.25
2665,44.42,31.75
2666,44.43,31.75
2667,44.45,32
2668,44.47,31.75
2669,44.48,31.75
2670,44.5,31.25
2671,44.52,31.5
2672,44.53,31.75
2673,44.55,32.25
2674,44.57,32.25
2675,44.58,31.75
2676,44.6,31.75
2677,44.62,32
2678,44.63,31.5
2679,44.65,32
2680,44.67,31.5
2681,44.68,32.25
2682,44.7,31.75
2683,44.72,32
2684,44.73,31.75
2685,44.75,31.5
2686,44.77,31.75
2687,44.78,31.5
2688,44.8,31.5
2689,44.82,31.75
2690,44.83,31.75
2691,44.85,32
2692,44.87,31.75
2693,44.88,32
2694,44.9,31.75
2695,44.92,32
2696,44.93,31.75
2697,44.95,31.75
2698,44.97,31.75
2699,44.98,31.25
2700,45,32
2701,45.02,31.75
2702,45.03,31.5
2703,45.05,31.25
2704,45.07,32
2705,45.08,31.5
2706,45.1,31.5
2707,45.12,31.5
2708,45.13,32
2709,45.15,31.25
2710,45.17,31.75
2711,45.18,31.75
2712,45.2,31.75
2713,45.22,31.75
2714,45.23,31.5
2715,45.25,31.5
2716,45.27,31.75
2717,45.28,31.5
2718,45.3,31.5
2719,45.32,31.75
2720,45.33,31.75
2721,45.35,31.5
2722,45.37,31.75
2723,45.38,31.75
2724,45.4,31.25
2725,45.42,31
2726,45.43,31.75
2727,45.45,31.5
2728,45.47,31.5
2729,45.48,31.25
2730,45.5,31.5
2731,45.52,31.75
2732,45.53,31
2733,45.55,31.5
2734,45.57,31.5
2735,45.58,30.75
2736,45.6,31.5
2737,45.62,31.75
2738,45.63,31.75
2739,45.65,31.5
2740,45.67,31.5
2741,45.68,31.5
2742,45.7,31
2743,45.72,31.5
2744,45.73,31.5
2745,45.75,31
2746,45.77,31.5
2747,45.78,31.5
2748,45.8,31.25
2749,45.82,31.5
2750,45.83,31.75
2751,45.85,31
2752,45.87,31.75
2753,45.88,31.75
2754,45.9,31.25
2755,45.92,30.75
2756,45.93,31.25
2757,45.95,31
2758,45.97,31.5
2759,45.98,31.25
2760,46,31.25
2761,46.02,31
2762,46.03,31
2763,46.05,31.25
2764,46.07,31
2765,46.08,31.25
2766,46.1,31.25
2767,46.12,31.25
2768,46.13,30.75
2769,46.15,31.25
2770,46.17,30.75
2771,46.18,31.25
2772,46.2,31.25
2773,46.22,31
2774,46.23,31.25
2775,46.25,30.5
2776,46.27,31
2777,46.28,31
2778,46.3,30.75
2779,46.32,31.25
2780,46.33,30.75
2781,46.35,30.75
2782,46.37,31.25
2783,46.38,30.75
2784,46.4,31
2785,46.42,30.75
2786,46.43,31.25
2787,46.45,30.25
2788,46.47,30.5
2789,46.48,31
2790,46.5,30.75
2791,46.52,31
2792,46.53,31
2793,46.55,31
2794,46.57,31
2795,46.58,31
2796,46.6,30.75
2797,46.62,31
2798,46.63,30.75
2799,46.65,30.5
2800,46.67,31
2801,46.68,31.25
2802,46.7,31
2803,46.72,30.75
2804,46.73,31
2805,46.75,30.5
2806,46.77,31
2807,46.78,31
2808,46.8,31
2809,46.82,31
2810,46.83,31
2811,46.85,30.75
2812,46.87,30.5
2813,46.88,31
2814,46.9,31
2815,46.92,30.5
2816,46.93,31
2817,46.95,30.75
2818,46.97,30.5
2819,46.98,30.75
2820,47,30.75
2821,47.02,30.75
2822,47.03,31
2823,47.05,30.75
2824,47.07,31
2825,47.08,30.5
2826,47.1,31
2827,47.12,30.5
2828,47.13,30.75
2829,47.15,30.25
2830,47.17,31
2831,47.18,30.75
2832,47.2,31
2833,47.22,30.5
2834,47.23,30.75
2835,47.25,31
2836,47.27,30.5
2837,47.28,30.75
2838,47.3,31
2839,47.32,30.75
2840,47.33,30.5
2841,47.35,30.75
2842,47.37,30.5
2843,47.38,30.5
2844,47.4,30.25
2845,47.42,30.75
2846,47.43,30.25
2847,47.45,30.25
2848,47.47,31
2849,47.48,30.5
2850,47.5,29.75
2851,47.52,30.25
2852,47.53,30.75
2853,47.55,30.75
2854,47.57,30.75
2855,47.58,30.5
2856,47.6,30.25
2857,47.62,30.75
2858,47.63,31
2859,47.65,30.5
2860,47.67,30.5
2861,47.68,31
2862,47.7,30.75
2863,47.72,30.25
2864,47.73,30.75
2865,47.75,30.25
2866,47.77,31
2867,47.78,30.25
2868,47.8,30.25
2869,47.82,30.25
2870,47.83,30.25
2871,47.85,30.75
2872,47.87,30.5
2873,47.88,30.5
2874,47.9,30.5
2875,47.92,30.25
2876,47.93,30.5
2877,47.95,30.5
2878,47.97,30.75
2879,47.98,30.25
2880,48,30.5
2881,48.02,30.75
2882,48.03,30.25
2883,48.05,30.5
2884,48.07,30.25
2885,48.08,30.25
2886,48.1,29.75
2887,48.12,30
2888,48.13,30
2889,48.15,30.25
2890,48.17,30.25
2891,48.18,30.5
2892,48.2,30.5
2893,48.22,30.5
2894,48.23,30.5
2895,48.25,30
2896,48.27,30.25
2897,48.28,30.5
2898,48.3,30.5
2899,48.32,30.5
2900,48.33,29.75
2901,48.35,29.5
2902,48.37,30
2903,48.38,30.5
2904,48.4,30
2905,48.42,30.5
2906,48.43,30.5
2907,48.45,30.5
2908,48.47,30.75
2909,48.48,30
2910,48.5,30.5
2911,48.52,30.25
2912,48.53,30.5
2913,48.55,30.25
2914,48.57,30.5
2915,48.58,30.25
2916,48.6,30.5
2917,48.62,30.25
2918,48.63,29.25
2919,48.65,29.75
2920,48.67,30.25
2921,48.68,29.75
2922,48.7,30
2923,48.72,29.75
2924,48.73,30
2925,48.75,30.25
2926,48.77,30
2927,48.78,29.75
2928,48.8,29.75
2929,48.82,30
2930,48.83,29.75
2931,48.85,29.75
2932,48.87,29.75
2933,48.88,29.5
2934,48.9,30
2935,48.92,29.75
2936,48.93,30
2937,48.95,30
2938,48.97,29.5
2939,48.98,30
2940,49,30
2941,49.02,30.25
2942,49.03,30.25
2943,49.05,30
2944,49.07,30
2945,49.08,29.75
2946,49.1,29.5
2947,49.12,29.5
2948,49.13,29.75
2949,49.15,30
2950,49.17,29.5
2951,49.18,29.75
2952,49.2,30
2953,49.22,29.75
2954,49.23,29.5
2955,49.25,30
2956,49.27,29.75
2957,49.28,30
2958,49.3,29.75
2959,49.32,29.75
2960,49.33,30
2961,49.35,29.75
2962,49.37,29.75
2963,49.38,30
2964,49.4,29.75
2965,49.42,30
2966,49.43,29.75
2967,49.45,30
2968,49.47,30
2969,49.48,29.5
2970,49.5,29.75
2971,49.52,29.5
2972,49.53,30
2973,49.55,29.5
2974,49.57,30
2975,49.58,30
2976,49.6,30
2977,49.62,29.5
2978,49.63,29.5
2979,49.65,29.75
2980,49.67,29.5
2981,49.68,29.5
2982,49.7,29.5
2983,49.72,29.5
2984,49.73,29.75
2985,49.75,29.5
2986,49.77,29.75
2987,49.78,29.25
2988,49.8,29.75
2989,49.82,29.75
2990,49.83,29.25
2991,49.85,29.75
2992,49.87,29.25
2993,49.88,29.5
2994,49.9,29.75
2995,49.92,29.75
2996,49.93,29.25
2997,49.95,29.75
2998,49.97,29.25
2999,49.98,29.75
3000,50,29.5
3001,50.02,29.5
3002,50.03,29.25
3003,50.05,29.5
3004,50.07,29.5
3005,50.08,29.5
3006,50.1,29
3007,50.12,29.25
3008,50.13,29.25
3009,50.15,29.25
3010,50.17,29
3011,50.18,29.5
3012,50.2,28.5
3013,50.22,29.5
3014,50.23,29.75
3015,50.25,29.5
3016,50.27,29.5
3017,50.28,29.5
3018,50.3,29.5
3019,50.32,29.75
3020,50.33,28.75
3021,50.35,29.5
3022,50.37,29.25
3023,50.38,29.5
3024,50.4,29.5
3025,50.42,29.5
3026,50.43,29.5
3027,50.45,29.75
3028,50.47,29.25
3029,50.48,28.5
3030,50.5,29.5
3031,50.52,29.5
3032,50.53,29.25
3033,50.55,29.5
3034,50.57,29.25
3035,50.58,29.5
3036,50.6,29.25
3037,50.62,29.25
3038,50.63,28.5
3039,50.65,29.75
3040,50.67,29.5
3041,50.68,29.25
3042,50.7,29.5
3043,50.72,29.5
3044,50.73,29.5
3045,50.75,29.5
3046,50.77,29.5
3047,50.78,29.25
3048,50.8,29
3049,50.82,29.5
3050,50.83,29
3051,50.85,29.5
3052,50.87,29.5
3053,50.88,29.5
3054,50.9,29
3055,50.92,29.25
3056,50.93,29.5
3057,50.95,28.75
3058,50.97,29
3059,50.98,29.5
3060,51,29.5
3061,51.02,29
3062,51.03,29.5
3063,51.05,29.25
3064,51.07,29.5
3065,51.08,29.25
3066,51.1,29.5
3067,51.12,29
3068,51.13,29.5
3069,51.15,29.5
3070,51.17,29.25
3071,51.18,29.25
3072,51.2,29.25
3073,51.22,29.25
3074,51.23,29.25
3075,51.25,29
3076,51.27,29
3077,51.28,29.5
3078,51.3,29.25
3079,51.32,29
3080,51.33,29
3081,51.35,28.75
3082,51.37,29
3083,51.38,28.75
3084,51.4,29.75
3085,51.42,28.75
3086,51.43,29.25
3087,51.45,29
3088,51.47,29.25
3089,51.48,29.5
3090,51.5,29
3091,51.52,29
3092,51.53,29.25
3093,51.55,29.25
3094,51.57,29
3095,51.58,29.5
3096,51.6,29
3097,51.62,29
3098,51.63,29.25
3099,51.65,29
3100,51.67,29.25
3101,51.68,29.5
3102,51.7,28.75
3103,51.72,28.75
3104,51.73,29.25
3105,51.75,29.25
3106,51.77,28.75
3107,51.78,28.75
3108,51.8,28.75
3109,51.82,29
3110,51.83,29.25
3111,51.85,29
3112,51.87,29
3113,51.88,29.25
3114,51.9,29
3115,51.92,29.25
3116,51.93,28.5
3117,51.95,29
3118,51.97,28.75
3119,51.98,29
3120,52,29
3121,52.02,28.75
3122,52.03,29
3123,52.05,28.75
3124,52.07,28.75
3125,52.08,29.25
3126,52.1,28.75
3127,52.12,29
3128,52.13,29.25
3129,52.15,29
3130,52.17,29.5
3131,52.18,29
3132,52.2,28.75
3133,52.22,29
3134,52.23,29
3135,52.25,28.75
3136,52.27,28.75
3137,52.28,28.5
3138,52.3,29
3139,52.32,28.75
3140,52.33,29
3141,52.35,29.25
3142,52.37,28.75
3143,52.38,28.75
3144,52.4,28.5
3145,52.42,28.75
3146,52.43,28.5
3147,52.45,28.5
3148,52.47,29
3149,52.48,28.5
3150,52.5,28.25
3151,52.52,28.75
3152,52.53,28.75
3153,52.55,28.75
3154,52.57,29.25
3155,52.58,29
3156,52.6,29
3157,52.62,28.5
3158,52.63,28.5
3159,52.65,28.75
3160,52.67,28.75
3161,52.68,28.5
3162,52.7,28.75
3163,52.72,28.5
3164,52.73,29
3165,52.75,28.75
3166,52.77,28.25
3167,52.78,28.75
3168,52.8,28.5
3169,52.82,28.5
3170,52.83,28.5
3171,52.85,29
3172,52.87,29
3173,52.88,28.75
3174,52.9,29
3175,52.92,28.75
3176,52.93,28.75
3177,52.95,28.75
3178,52.97,28.75
3179,52.98,28.75
3180,53,28.5
3181,53.02,28.5
3182,53.03,28.75
3183,53.05,28.75
3184,53.07,28.5
3185,53.08,28.75
3186,53.1,28.75
3187,53.12,28.5
3188,53.13,28
3189,53.15,28.75
3190,53.17,28.5
3191,53.18,28.25
3192,53.2,28.5
3193,53.22,28.75
3194,53.23,28.75
3195,53.25,28.75
3196,53.27,28.75
3197,53.28,28.25
3198,53.3,28.5
3199,53.32,29
3200,53.33,28.75
3201,53.35,29
3202,53.37,28.5
3203,53.38,28.5
3204,53.4,28.5
3205,53.42,28.75
3206,53.43,28.5
3207,53.45,28.5
3208,53.47,28.5
3209,53.48,28.25
3210,53.5,28.75
3211,53.52,28.5
3212,53.53,28.75
3213,53.55,28.25
3214,53.57,28.5
3215,53.58,28.5
3216,53.6,28.5
3217,53.62,28.75
3218,53.63,28
3219,53.65,28
3220,53.67,28.75
3221,53.68,28.25
3222,53.7,28.75
3223,53.72,28.5
3224,53.73,28.75
3225,53.75,28.5
3226,53.77,28.75
3227,53.78,28.5
3228,53.8,28.75
3229,53.82,28.5
3230,53.83,28.5
3231,53.85,28
3232,53.87,28.25
3233,53.88,28.25
3234,53.9,28
3235,53.92,28.5
3236,53.93,28.5
3237,53.95,28.75
3238,53.97,28.5
3239,53.98,28.5
3240,54,28.5
3241,54.02,28.5
3242,54.03,28.5
3243,54.05,28.5
3244,54.07,28
3245,54.08,28.25
3246,54.1,28.5
3247,54.12,28.5
3248,54.13,28.5
3249,54.15,28.25
3250,54.17,28.25
3251,54.18,28.5
3252,54.2,28.25
3253,54.22,27.75
3254,54.23,28.5
3255,54.25,28.5
3256,54.27,28
3257,54.28,28.5
3258,54.3,27.5
3259,54.32,28.5
3260,54.33,28.5
3261,54.35,28
3262,54.37,28
3263,54.38,28.5
3264,54.4,27.75
3265,54.42,28.25
3266,54.43,28.5
3267,54.45,28
3268,54.47,27.5
3269,54.48,28
3270,54.5,28.5
3271,54.52,28.5
3272,54.53,28.5
3273,54.55,28.5
3274,54.57,28.5
3275,54.58,28.25
3276,54.6,28.25
3277,54.62,27.75
3278,54.63,28.5
3279,54.65,28.25
3280,54.67,28.5
3281,54.68,28.25
3282,54.7,28.25
3283,54.72,28.5
3284,54.73,28.25
3285,54.75,28.25
3286,54.77,28
3287,54.78,28.25
3288,54.8,27.5
3289,54.82,28.5
3290,54.83,28
3291,54.85,28.5
3292,54.87,28.25
3293,54.88,28.25
3294,54.9,27.75
3295,54.92,28.25
3296,54.93,28.25
3297,54.95,28.25
3298,54.97,28
3299,54.98,28
3300,55,28.25
3301,55.02,28
3302,55.03,28.5
3303,55.05,28.25
3304,55.07,28.5
3305,55.08,28.25
3306,55.1,28.25
3307,55.12,28
3308,55.13,28
3309,55.15,27.75
3310,55.17,28.25
3311,55.18,28
3312,55.2,28.5
3313,55.22,28
3314,55.23,28.25
3315,55.25,28
3316,55.27,28.25
3317,55.28,28.25
3318,55.3,28.5
3319,55.32,28.5
3320,55.33,28
3321,55.35,27.75
3322,55.37,28
3323,55.38,28.25
3324,55.4,28.25
3325,55.42,28.25
3326,55.43,28
3327,55.45,28.25
3328,55.47,28.25
3329,55.48,28
3330,55.5,28
3331,55.52,28
3332,55.53,28.75
3333,55.55,27.75
3334,55.57,27.5
3335,55.58,28
3336,55.6,28.25
3337,55.62,28.25
3338,55.63,28
3339,55.65,28
3340,55.67,27.75
3341,55.68,27.75
3342,55.7,28
3343,55.72,28
3344,55.73,27.75
3345,55.75,27.5
3346,55.77,27.75
3347,55.78,28.25
3348,55.8,28
3349,55.82,28.25
3350,55.83,28
3351,55.85,28
3352,55.87,27.5
3353,55.88,28
3354,55.9,28.25
3355,55.92,28
3356,55.93,28
3357,55.95,28
3358,55.97,28
3359,55.98,27.75
3360,56,28
3361,56.02,28.25
3362,56.03,28
3363,56.05,28
3364,56.07,28
3365,56.08,28
3366,56.1,27.75
3367,56.12,27.5
3368,56.13,28.25
3369,56.15,27.5
3370,56.17,27.75
3371,56.18,28
3372,56.2,28
3373,56.22,28
3374,56.23,28.25
3375,56.25,28
3376,56.27,27.75
3377,56.28,27.75
3378,56.3,28
3379,56.32,27.5
3380,56.33,28
3381,56.35,28.25
3382,56.37,28
3383,56.38,27.75
3384,56.4,27.5
3385,56.42,27.5
3386,56.43,28
3387,56.45,28
3388,56.47,28
3389,56.48,27.75
3390,56.5,28
3391,56.52,27.75
3392,56.53,27.75
3393,56.55,27.75
3394,56.57,27.75
3395,56.58,27.75
3396,56.6,27.5
3397,56.62,27.75
3398,56.63,27.5
3399,56.65,27.75
3400,56.67,28
3401,56.68,27.5
3402,56.7,28
3403,56.72,28
3404,56.73,27.5
3405,56.75,27.75
3406,56.77,27.5
3407,56.78,28
3408,56.8,28
3409,56.82,28
3410,56.83,28
3411,56.85,28.25
3412,56.87,27.75
3413,56.88,27.75
3414,56.9,27.75
3415,56.92,27.75
3416,56.93,27.25
3417,56.95,27.75
3418,56.97,27.5
3419,56.98,27.5
3420,57,27.25
3421,57.02,27.5
3422,57.03,27.75
3423,57.05,27.75
3424,57.07,27.75
3425,57.08,27.25
3426,57.1,28
3427,57.12,27.75
3428,57.13,27.25
3429,57.15,27
3430,57.17,27.75
3431,57.18,27.75
3432,57.2,27.5
3433,57.22,28
3434,57.23,27.5
3435,57.25,27.5
3436,57.27,27.75
3437,57.28,28
3438,57.3,27.25
3439,57.32,27.75
3440,57.33,28
3441,57.35,28
3442,57.37,27.5
3443,57.38,27.75
3444,57.4,27.75
3445,57.42,27.75
3446,57.43,28
3447,57.45,28
3448,57.47,27.75
3449,57.48,28
3450,57.5,27.5
3451,57.52,27.75
3452,57.53,27.75
3453,57.55,27.25
3454,57.57,27.5
3455,57.58,27.75
3456,57.6,27.5
3457,57.62,27.75
3458,57.63,27.75
3459,57.65,27.5
3460,57.67,28
3461,57.68,28
3462,57.7,27.5
3463,57.72,27.25
3464,57.73,27.75
3465,57.75,27.75
3466,57.77,27.75
3467,57.78,27.5
3468,57.8,27.25
3469,57.82,27.5
3470,57.83,27.5
3471,57.85,27.5
3472,57.87,27.5
3473,57.88,27.5
3474,57.9,27.5
3475,57.92,27.5
3476,57.93,27.5
3477,57.95,27.25
3478,57.97,27.5
3479,57.98,27.5
3480,58,27.5
3481,58.02,27.75
3482,58.03,28
3483,58.05,27.5
3484,58.07,27.25
3485,58.08,27.75
3486,58.1,27.25
3487,58.12,27.25
3488,58.13,27.75
3489,58.15,27.75
3490,58.17,27.5
3491,58.18,27.5
3492,58.2,27.25
3493,58.22,27.5
3494,58.23,27.5
3495,58.25,28
3496,58.27,26.75
3497,58.28,27.75
3498,58.3,27.75
3499,58.32,27.75
3500,58.33,27.25
3501,58.35,27.25
3502,58.37,27.5
3503,58.38,27.5
3504,58.4,27.75
3505,58.42,27.75
3506,58.43,27.75
3507,58.45,27.75
3508,58.47,27.25
3509,58.48,27.5
3510,58.5,27.25
3511,58.52,27.25
3512,58.53,27.5
3513,58.55,27.5
3514,58.57,26.75
3515,58.58,26.75
3516,58.6,27.75
3517,58.62,27.25
3518,58.63,27.75
3519,58.65,27
3520,58.67,27.75
3521,58.68,27
3522,58.7,27
3523,58.72,27.25
3524,58.73,27
3525,58.75,27.75
3526,58.77,27
3527,58.78,27.75
3528,58.8,27
3529,58.82,27.5
3530,58.83,27.25
3531,58.85,27.75
3532,58.87,27.5
3533,58.88,27.25
3534,58.9,27.5
3535,58.92,27.5
3536,58.93,27.25
3537,58.95,27.5
3538,58.97,27.5
3539,58.98,27
3540,59,27.75
3541,59.02,26.75
3542,59.03,26.5
3543,59.05,27.5
3544,59.07,27.5
3545,59.08,27.5
3546,59.1,27.25
3547,59.12,27
3548,59.13,27
3549,59.15,27.5
3550,59.17,26.75
3551,59.18,27.25
3552,59.2,27
3553,59.22,26.75
3554,59.23,27
3555,59.25,27.5
3556,59.27,27.5
3557,59.28,27
3558,59.3,27.25
3559,59.32,27.5
3560,59.33,27.5
3561,59.35,27
3562,59.37,27
3563,59.38,27.5
3564,59.4,27
3565,59.42,27.5
3566,59.43,27.5
3567,59.45,27.5
3568,59.47,27.5
3569,59.48,27.5
3570,59.5,27.5
3571,59.52,27.5
3572,59.53,27
3573,59.55,27.25
3574,59.57,26.75
3575,59.58,27.25
3576,59.6,27.25
3577,59.62,27.25
3578,59.63,27.25
3579,59.65,27.5
3580,59.67,27.25
3581,59.68,27.25
3582,59.7,27.25
3583,59.72,27.25
3584,59.73,27.25
3585,59.75,27.5
3586,59.77,27
3587,59.78,27.25
3588,59.8,27
3589,59.82,26.75
3590,59.83,26.75
3591,59.85,27
3592,59.87,27.25
3593,59.88,27.25
3594,59.9,27.25
3595,59.92,27.75
3596,59.93,27
3597,59.95,27.25
3598,59.97,27.5
3599,59.98,27.25
3600,60,27.25
3601,60.02,27
3602,60.03,27.25
3603,60.05,27.25
3604,60.07,27.5
3605,60.08,27
3606,60.1,26.5
3607,60.12,27.25
3608,60.13,26.75
3609,60.15,27.25
3610,60.17,27
3611,60.18,27.25
3612,60.2,27
3613,60.22,27
3614,60.23,27.5
3615,60.25,27.25
3616,60.27,27.5
3617,60.28,26.75
3618,60.3,27
3619,60.32,27.25
3620,60.33,27.25
3621,60.35,27.5
3622,60.37,27.25
3623,60.38,27
3624,60.4,27
3625,60.42,26.75
3626,60.43,26.5
3627,60.45,27
3628,60.47,27
3629,60.48,27.25
3630,60.5,26.75
3631,60.52,26.75
3632,60.53,26.75
3633,60.55,27
3634,60.57,27
3635,60.58,26.75
3636,60.6,26.75
3637,60.62,26.5
3638,60.63,27
3639,60.65,26.75
3640,60.67,27
3641,60.68,27
3642,60.7,26.75
3643,60.72,26.5
3644,60.73,26.5
3645,60.75,26.25
3646,60.77,27
3647,60.78,26.5
3648,60.8,26.75
3649,60.82,26.75
3650,60.83,26.75
3651,60.85,27
3652,60.87,26.25
3653,60.88,27
3654,60.9,26.25
3655,60.92,26.75
3656,60.93,27
3657,60.95,26.75
3658,60.97,26.75
3659,60.98,26.5
3660,61,27
3661,61.02,27
3662,61.03,27
3663,61.05,26.75
3664,61.07,27
3665,61.08,26.5
3666,61.1,26.5
3667,61.12,26.75
3668,61.13,27
3669,61.15,26.75
3670,61.17,27
3671,61.18,26.75
3672,61.2,26.5
3673,61.22,27
3674,61.23,27
3675,61.25,27
3676,61.27,27.25
3677,61.28,26.5
3678,61.3,27.25
3679,61.32,27
3680,61.33,27.25
3681,61.35,26.75
3682,61.37,27
3683,61.38,26.5
3684,61.4,26.75
3685,61.42,26.75
3686,61.43,27
3687,61.45,26.75
3688,61.47,26.25
3689,61.48,27
3690,61.5,26.5
3691,61.52,26.5
3692,61.53,26.75
3693,61.55,27
3694,61.57,27
3695,61.58,27
3696,61.6,27
3697,61.62,27
3698,61.63,27
3699,61.65,26.75
3700,61.67,27
3701,61.68,27
3702,61.7,26.5
3703,61.72,26.75
3704,61.73,27
3705,61.75,26.75
3706,61.77,27
3707,61.78,27
3708,61.8,27
3709,61.82,26.5
3710,61.83,27
3711,61.85,26.5
3712,61.87,27
3713,61.88,26.75
3714,61.9,27
3715,61.92,27
3716,61.93,27
3717,61.95,27
3718,61.97,26.5
3719,61.98,26.75
3720,62,27
3721,62.02,26.25
3722,62.03,26.5
3723,62.05,27
3724,62.07,27
3725,62.08,26.5
3726,62.1,27
3727,62.12,26.25
3728,62.13,26.75
3729,62.15,26.5
3730,62.17,26.5
3731,62.18,26.75
3732,62.2,26.25
3733,62.22,26.75
3734,62.23,26.75
3735,62.25,26.75
3736,62.27,27
3737,62.28,26.25
3738,62.3,26.75
3739,62.32,26.75
3740,62.33,26.75
3741,62.35,27
3742,62.37,26.5
3743,62.38,26.75
3744,62.4,26.5
3745,62.42,27
3746,62.43,26.75
3747,62.45,26.25
3748,62.47,26.5
3749,62.48,26.25
3750,62.5,26.25
3751,62.52,26.75
3752,62.53,26.25
3753,62.55,26.75
3754,62.57,26.5
3755,62.58,26.75
3756,62.6,26.5
3757,62.62,26.5
3758,62.63,26.75
3759,62.65,26.75
3760,62.67,26.5
3761,62.68,26.75
3762,62.7,26.75
3763,62.72,26.5
3764,62.73,23
3765,62.75,22.75
