Time - Voltage,Amplitude - Voltage 100 Hz,Time - Voltage,Amplitude - Voltage 400 Hz,Time - Voltage,Amplitude - Voltage 600 hz,Time - Voltage,Amplitude - Voltage 900 hz
0,0.00615721,0,-0.166897,0,0.227245,0,-0.230723
0.001,-0.128733,0.001,0.223297,0.001,-0.177425,0.001,-0.14765
0.002,-0.221675,0.002,-0.222827,0.002,0.0273777,0.002,-0.0163792
0.003,-0.235987,0.003,0.0958095,0.003,0.082156,0.003,0.118181
0.004,-0.160975,0.004,0.00763771,0.004,-0.214602,0.004,0.211617
0.005,-0.0356257,0.005,-0.163113,0.005,0.224613,0.005,0.211946
0.006,0.0987705,0.006,0.221487,0.006,-0.171996,0.006,0.120155
0.007,0.200596,0.007,-0.224636,0.007,0.0181657,0.007,-0.0124313
0.008,0.21902,0.008,0.101896,0.008,0.0905455,0.008,-0.142057
0.009,0.137757,0.009,0.00319621,0.009,-0.219208,0.009,-0.228255
0.01,0.0079667,0.01,-0.159659,0.01,0.222639,0.01,-0.231216
0.011,-0.125114,0.011,0.220007,0.011,-0.166074,0.011,-0.148473
0.012,-0.219866,0.012,-0.225623,0.012,0.0101052,0.012,-0.0178597
0.013,-0.236974,0.013,0.105186,0.013,0.0987705,0.013,0.115878
0.014,-0.163113,0.014,-0.00206778,0.014,-0.222169,0.014,0.210137
0.015,-0.0371062,0.015,-0.155382,0.015,0.220336,0.015,0.212769
0.016,0.096303,0.016,0.218691,0.016,-0.15933,0.016,0.121965
0.017,0.198786,0.017,-0.227762,0.017,0.000893219,0.017,-0.0104573
0.018,0.220829,0.018,0.110285,0.018,0.105844,0.018,-0.141399
0.019,0.140224,0.019,-0.00683827,0.019,-0.226446,0.019,-0.227926
0.02,0.0102697,0.02,-0.151105,0.02,0.21721,0.02,-0.231052
0.021,-0.123304,0.021,0.215236,0.021,-0.152914,0.021,-0.149131
0.022,-0.219537,0.022,-0.229736,0.022,-0.00733177,0.022,-0.0198337
0.023,-0.236809,0.023,0.11522,0.023,0.113246,0.023,0.114891
0.024,-0.165416,0.024,-0.0114443,0.024,-0.229736,0.024,0.209808
0.025,-0.0397382,0.025,-0.14765,0.025,0.213427,0.025,0.213262
0.026,0.095974,0.026,0.214249,0.026,-0.14617,0.026,0.123445
0.027,0.198622,0.027,-0.23171,0.027,-0.0158857,0.027,-0.00914126
0.028,0.222145,0.028,0.119004,0.028,0.120813,0.028,-0.140248
0.029,0.142198,0.029,-0.0176952,0.029,-0.232697,0.029,-0.227762
0.03,0.0120792,0.03,-0.143209,0.03,0.210795,0.03,-0.232368
0.031,-0.122482,0.031,0.212604,0.031,-0.138438,0.031,-0.151434
0.032,-0.218221,0.032,-0.232861,0.032,-0.0247687,0.032,-0.0221367
0.033,-0.236974,0.033,0.124432,0.033,0.128545,0.033,0.113411
0.034,-0.166403,0.034,-0.0219722,0.034,-0.234835,0.034,0.208656
0.035,-0.0423702,0.035,-0.138767,0.035,0.20586,0.035,0.21392
0.036,0.0931775,0.036,0.209479,0.036,-0.1312,0.036,0.124432
0.037,0.197635,0.037,-0.235,0.037,-0.0334872,0.037,-0.00667377
0.038,0.222145,0.038,0.129038,0.038,0.135125,0.038,-0.138603
0.039,0.143185,0.039,-0.0275652,0.039,-0.236645,0.039,-0.226939
0.04,0.0148757,0.04,-0.133668,0.04,0.203557,0.04,-0.232532
0.041,-0.120672,0.041,0.207505,0.041,-0.124785,0.041,-0.151763
0.042,-0.21855,0.042,-0.236316,0.042,-0.0410542,0.042,-0.0226302
0.043,-0.238454,0.043,0.133644,0.043,0.141705,0.043,0.112424
0.044,-0.168542,0.044,-0.0329937,0.044,-0.238619,0.044,0.208492
0.045,-0.0436862,0.045,-0.12972,0.045,0.198622,0.045,0.214249
0.046,0.089394,0.046,0.204873,0.046,-0.116066,0.046,0.125419
0.047,0.195661,0.047,-0.237632,0.047,-0.0492792,0.047,-0.00601577
0.048,0.223132,0.048,0.137263,0.048,0.148285,0.048,-0.137122
0.049,0.145159,0.049,-0.0379287,0.049,-0.241086,0.049,-0.226117
0.05,0.0160272,0.05,-0.125114,0.05,0.192864,0.05,-0.232861
0.051,-0.118369,0.051,0.202734,0.051,-0.108828,0.051,-0.153737
0.052,-0.216411,0.052,-0.23977,0.052,-0.0584912,0.052,-0.0244397
0.053,-0.23829,0.053,0.141869,0.053,0.155523,0.053,0.110121
0.054,-0.171174,0.054,-0.0435217,0.054,-0.242402,0.054,0.208163
0.055,-0.0454957,0.055,-0.11985,0.055,0.189245,0.055,0.215072
0.056,0.0902165,0.056,0.19928,0.056,-0.10159,0.056,0.126406
0.057,0.194345,0.057,-0.240264,0.057,-0.0654002,0.057,-0.00453527
0.058,0.223626,0.058,0.146146,0.058,0.161938,0.058,-0.136464
0.059,0.146311,0.059,-0.0484567,0.059,-0.243718,0.059,-0.225788
0.06,0.0184947,0.06,-0.115079,0.06,0.182994,0.06,-0.233355
0.061,-0.116231,0.061,0.19599,0.061,-0.0928716,0.061,-0.153737
0.062,-0.215918,0.062,-0.24158,0.062,-0.0741187,0.062,-0.0244397
0.063,-0.238948,0.063,0.150259,0.063,0.16786,0.063,0.110121
0.064,-0.171009,0.064,-0.0538852,0.064,-0.244541,0.064,0.208327
0.065,-0.0481277,0.065,-0.110144,0.065,0.178224,0.065,0.215565
0.066,0.087091,0.066,0.194345,0.066,-0.0853046,0.066,0.126735
0.067,0.194838,0.067,-0.242402,0.067,-0.0816857,0.067,-0.00469977
0.068,0.224613,0.068,0.15322,0.068,0.173289,0.068,-0.136793
0.069,0.147627,0.069,-0.0596427,0.069,-0.24487,0.069,-0.226117
0.07,0.0201397,0.07,-0.106361,0.07,0.171973,0.07,-0.232697
0.071,-0.11475,0.071,0.190726,0.071,-0.0780667,0.071,-0.15423
0.072,-0.214931,0.072,-0.243883,0.072,-0.0899106,0.072,-0.0247687
0.073,-0.23977,0.073,0.158484,0.073,0.178882,0.073,0.110285
0.074,-0.172983,0.074,-0.0642487,0.074,-0.243883,0.074,0.207834
0.075,-0.0501017,0.075,-0.100932,0.075,0.166709,0.075,0.215072
0.076,0.0846235,0.076,0.186778,0.076,-0.0700062,0.076,0.127229
0.077,0.193029,0.077,-0.243718,0.077,-0.0981356,0.077,-0.00469977
0.078,0.225435,0.078,0.162103,0.078,0.184475,0.078,-0.136464
0.079,0.150752,0.079,-0.0683612,0.079,-0.242567,0.079,-0.225952
0.08,0.0211267,0.08,-0.0966551,0.08,0.160951,0.08,-0.23319
0.081,-0.112776,0.081,0.183817,0.081,-0.0616167,0.081,-0.154724
0.082,-0.214273,0.082,-0.244047,0.082,-0.106196,0.082,-0.0249332
0.083,-0.238948,0.083,0.166215,0.083,0.188916,0.083,0.109627
0.084,-0.174299,0.084,-0.0751057,0.084,-0.240264,0.084,0.20734
0.085,-0.0525692,0.085,-0.0912266,0.085,0.153713,0.085,0.215565
0.086,0.0833075,0.086,0.180856,0.086,-0.0517467,0.086,0.127887
0.087,0.191877,0.087,-0.245363,0.087,-0.113928,0.087,-0.00289027
0.088,0.224448,0.088,0.169999,0.088,0.194345,0.088,-0.135313
0.089,0.150588,0.089,-0.0790537,0.089,-0.238783,0.089,-0.22513
0.09,0.0239232,0.09,-0.0862916,0.09,0.146969,0.09,-0.234013
0.091,-0.111296,0.091,0.176908,0.091,-0.0443442,0.091,-0.155382
0.092,-0.213286,0.092,-0.246679,0.092,-0.12133,0.092,-0.0257557
0.093,-0.239935,0.093,0.173124,0.093,0.198457,0.093,0.109134
0.094,-0.175122,0.094,-0.0836597,0.094,-0.236809,0.094,0.206847
0.095,-0.0538852,0.095,-0.0823437,0.095,0.139073,0.095,0.215236
0.096,0.0819915,0.096,0.173618,0.096,-0.0359547,0.096,0.129367
0.097,0.190397,0.097,-0.245528,0.097,-0.128733,0.097,-0.00223227
0.098,0.224284,0.098,0.176414,0.098,0.202241,0.098,-0.134655
0.099,0.151904,0.099,-0.0889236,0.099,-0.235493,0.099,-0.224636
0.1,0.0260617,0.1,-0.0767507,0.1,0.132657,0.1,-0.234177
0.101,-0.108993,0.101,0.170657,0.101,-0.0278942,0.101,-0.156204
0.102,-0.212792,0.102,-0.245528,0.102,-0.136464,0.102,-0.0267427
0.103,-0.240428,0.103,0.17954,0.103,0.206682,0.103,0.107818
0.104,-0.177096,0.104,-0.0936941,0.104,-0.232203,0.104,0.207011
0.105,-0.0543787,0.105,-0.0711577,0.105,0.12509,0.105,0.215401
0.106,0.08084,0.106,0.166544,0.106,-0.0193402,0.106,0.128216
0.107,0.189245,0.107,-0.244705,0.107,-0.143373,0.107,-0.00223227
0.108,0.225929,0.108,0.182994,0.108,0.210795,0.108,-0.134655
0.109,0.154371,0.109,-0.0984646,0.109,-0.229736,0.109,-0.224636
0.11,0.0280357,0.11,-0.0673742,0.11,0.117852,0.11,-0.233684
0.111,-0.10669,0.111,0.163583,0.111,-0.0112798,0.111,-0.156204
0.112,-0.210983,0.112,-0.24306,0.112,-0.150776,0.112,-0.0275652
0.113,-0.240922,0.113,0.185297,0.113,0.214085,0.113,0.107653
0.114,-0.178741,0.114,-0.103893,0.114,-0.226446,0.114,0.207176
0.115,-0.0571752,0.115,-0.0626037,0.115,0.109792,0.115,0.216717
0.116,0.076892,0.116,0.159306,0.116,-0.00289027,0.116,0.129696
0.117,0.188258,0.117,-0.242567,0.117,-0.15752,0.117,-0.00124528
0.118,0.22708,0.118,0.18941,0.118,0.216717,0.118,-0.133997
0.119,0.156345,0.119,-0.108664,0.119,-0.223156,0.119,-0.224965
0.12,0.0308322,0.12,-0.0576687,0.12,0.102883,0.12,-0.234013
0.121,-0.10669,0.121,0.155358,0.121,0.00517021,0.121,-0.156533
0.122,-0.209338,0.122,-0.241086,0.122,-0.1641,0.122,-0.0283877
0.123,-0.240922,0.123,0.192535,0.123,0.220336,0.123,0.107818
0.124,-0.180221,0.124,-0.113928,0.124,-0.219701,0.124,0.206682
0.125,-0.0594782,0.125,-0.0514177,0.125,0.095645,0.125,0.216552
0.126,0.0754115,0.126,0.149765,0.126,0.0142177,0.126,0.129861
0.127,0.187107,0.127,-0.239112,0.127,-0.170351,0.127,-0.00173878
0.128,0.226751,0.128,0.195167,0.128,0.22231,0.128,-0.133832
0.129,0.157168,0.129,-0.118534,0.129,-0.215918,0.129,-0.224636
0.13,0.0316547,0.13,-0.0459892,0.13,0.0872555,0.13,-0.234342
0.131,-0.1034,0.131,0.146804,0.131,0.0232652,0.131,-0.156533
0.132,-0.208351,0.132,-0.237632,0.132,-0.177918,0.132,-0.0283877
0.133,-0.241251,0.133,0.198622,0.133,0.2256,0.133,0.106337
0.134,-0.181537,0.134,-0.12314,0.134,-0.210654,0.134,0.206024
0.135,-0.0612877,0.135,-0.0403962,0.135,0.0780435,0.135,0.21721
0.136,0.0744245,0.136,0.142527,0.136,0.0324772,0.136,0.130519
0.137,0.186613,0.137,-0.237138,0.137,-0.184005,0.137,-0.000916278
0.138,0.227738,0.138,0.20076,0.138,0.227245,0.138,-0.132516
0.139,0.159142,0.139,-0.12791,0.139,-0.206541,0.139,-0.224472
0.14,0.0339576,0.14,-0.0354612,0.14,0.0703121,0.14,-0.234177
0.141,-0.101919,0.141,0.137757,0.141,0.0410311,0.141,-0.157356
0.142,-0.208022,0.142,-0.236316,0.142,-0.189598,0.142,-0.0287167
0.143,-0.241251,0.143,0.204544,0.143,0.228889,0.143,0.107653
0.144,-0.182689,0.144,-0.132516,0.144,-0.201606,0.144,0.206189
0.145,-0.0637552,0.145,-0.0315132,0.145,0.0620871,0.145,0.216388
0.146,0.0719571,0.146,0.133315,0.146,0.0489271,0.146,0.130025
0.147,0.184639,0.147,-0.235,0.147,-0.194533,0.147,-0.000587278
0.148,0.228232,0.148,0.205366,0.148,0.230699,0.148,-0.132023
0.149,0.159306,0.149,-0.136958,0.149,-0.197,0.149,-0.223978
0.15,0.0364251,0.15,-0.0254267,0.15,0.0538621,0.15,-0.235329
0.151,-0.0999451,0.151,0.129203,0.151,0.0568231,0.151,-0.158014
0.152,-0.207364,0.152,-0.232532,0.152,-0.199961,0.152,-0.0305262
0.153,-0.242567,0.153,0.208821,0.153,0.231357,0.153,0.106173
0.154,-0.184992,0.154,-0.141235,0.154,-0.191901,0.154,0.205366
0.155,-0.0650712,0.155,-0.0199982,0.155,0.0451436,0.155,0.217375
0.156,0.0699831,0.156,0.125255,0.156,0.0657061,0.156,0.131341
0.157,0.182665,0.157,-0.231216,0.157,-0.204896,0.157,0.000893219
0.158,0.228067,0.158,0.210301,0.158,0.229218,0.158,-0.131529
0.159,0.160951,0.159,-0.146499,0.159,-0.18565,0.159,-0.223649
0.16,0.0375766,0.16,-0.0147343,0.16,0.0357671,0.16,-0.234835
0.161,-0.0984646,0.161,0.119004,0.161,0.073931,0.161,-0.158672
0.162,-0.205719,0.162,-0.229571,0.162,-0.210489,0.162,-0.0298682
0.163,-0.242731,0.163,0.212933,0.163,0.228067,0.163,0.106008
0.164,-0.184827,0.164,-0.150282,0.164,-0.178905,0.164,0.205366
0.165,-0.0662227,0.165,-0.00947026,0.165,0.0275422,0.165,0.217046
0.166,0.0693251,0.166,0.114562,0.166,0.0816625,0.166,0.131506
0.167,0.18283,0.167,-0.226939,0.167,-0.214602,0.167,0.000893219
0.168,0.228396,0.168,0.214907,0.168,0.2256,0.168,-0.131694
0.169,0.160622,0.169,-0.155217,0.169,-0.172819,0.169,-0.223485
0.17,0.0390571,0.17,-0.00453527,0.17,0.0188237,0.17,-0.233848
0.171,-0.0974776,0.171,0.110943,0.171,0.0895585,0.171,-0.15752
0.172,-0.205061,0.172,-0.225459,0.172,-0.21855,0.172,-0.0293747
0.173,-0.243389,0.173,0.217046,0.173,0.223132,0.173,0.106502
0.174,-0.186308,0.174,-0.159494,0.174,-0.166897,0.174,0.205531
0.175,-0.0688547,0.175,0.00138672,0.175,0.0105987,0.175,0.21721
0.176,0.0680091,0.176,0.106173,0.176,0.097619,0.176,0.131012
0.177,0.181678,0.177,-0.223485,0.177,-0.222498,0.177,0.00138672
0.178,0.229218,0.178,0.219349,0.178,0.220336,0.178,-0.131529
0.179,0.164735,0.179,-0.163278,0.179,-0.159988,0.179,-0.224307
0.18,0.0403731,0.18,0.00484121,0.18,0.00253822,0.18,-0.235
0.181,-0.0953391,0.181,0.10058,0.181,0.104857,0.181,-0.158672
0.182,-0.203416,0.182,-0.221017,0.182,-0.226117,0.182,-0.0306907
0.183,-0.242402,0.183,0.221158,0.183,0.21721,0.183,0.104857
0.184,-0.188282,0.184,-0.167555,0.184,-0.153572,0.184,0.204708
0.185,-0.0698417,0.185,0.0104342,0.185,-0.00700277,0.185,0.217539
0.186,0.0660351,0.186,0.096303,0.186,0.112259,0.186,0.132822
0.187,0.180362,0.187,-0.219372,0.187,-0.228749,0.187,0.00220922
0.188,0.229383,0.188,0.222639,0.188,0.213756,0.188,-0.130213
0.189,0.16457,0.189,-0.171009,0.189,-0.146663,0.189,-0.222662
0.19,0.0410311,0.19,0.0161917,0.19,-0.0139118,0.19,-0.235164
0.191,-0.0945166,0.191,0.091368,0.191,0.119497,0.191,-0.160152
0.192,-0.203909,0.192,-0.216905,0.192,-0.230723,0.192,-0.0318422
0.193,-0.243389,0.193,0.223297,0.193,0.211124,0.193,0.104034
0.194,-0.188282,0.194,-0.175122,0.194,-0.140248,0.194,0.20405
0.195,-0.0711577,0.195,0.0212912,0.195,-0.0219722,0.195,0.218362
0.196,0.0653771,0.196,0.0869265,0.196,0.126077,0.196,0.134631
0.197,0.17954,0.197,-0.214437,0.197,-0.233848,0.197,0.00434771
0.198,0.229876,0.198,0.226093,0.198,0.207505,0.198,-0.128239
0.199,0.165393,0.199,-0.179234,0.199,-0.133174,0.199,-0.222662
0.2,0.0425116,0.2,0.0258972,0.2,-0.0301972,0.2,-0.236151
0.201,-0.0927071,0.201,0.08084,0.201,0.132986,0.201,-0.161304
0.202,-0.20358,0.202,-0.211147,0.202,-0.236645,0.202,-0.0338162
0.203,-0.243389,0.203,0.226916,0.203,0.203721,0.203,0.10206
0.204,-0.188117,0.204,-0.183347,0.204,-0.126101,0.204,0.203392
0.205,-0.0721447,0.205,0.0314902,0.205,-0.0394092,0.205,0.218855
0.206,0.0637321,0.206,0.0757405,0.206,0.139731,0.206,0.134796
0.207,0.178882,0.207,-0.209173,0.207,-0.237467,0.207,0.00500571
0.208,0.230041,0.208,0.227738,0.208,0.199773,0.208,-0.127581
0.209,0.166709,0.209,-0.186143,0.209,-0.119521,0.209,-0.22184
0.21,0.0443211,0.21,0.0374121,0.21,-0.0464827,0.21,-0.235987
0.211,-0.0917201,0.211,0.0711346,0.211,0.14664,0.211,-0.162126
0.212,-0.201113,0.212,-0.20539,0.212,-0.239441,0.212,-0.0344742
0.213,-0.244376,0.213,0.228396,0.213,0.195496,0.213,0.100909
0.214,-0.190091,0.214,-0.190091,0.214,-0.112118,0.214,0.203228
0.215,-0.0742832,0.215,0.0428406,0.215,-0.0538852,0.215,0.218526
0.216,0.0607711,0.216,0.0660351,0.216,0.152726,0.216,0.13496
0.217,0.178224,0.217,-0.202758,0.217,-0.241744,0.217,0.00484121
0.218,0.231028,0.218,0.23037,0.218,0.190561,0.218,-0.127581
0.219,0.168354,0.219,-0.194368,0.219,-0.105045,0.219,-0.22184
0.22,0.0471176,0.22,0.0476111,0.22,-0.0629327,0.22,-0.236809
0.221,-0.0892526,0.221,0.0612646,0.221,0.158813,0.221,-0.162291
0.222,-0.199797,0.222,-0.199961,0.222,-0.242896,0.222,-0.0343097
0.223,-0.245199,0.223,0.232015,0.223,0.18612,0.223,0.101731
0.224,-0.191407,0.224,-0.197,0.224,-0.0964906,0.224,0.203721
0.225,-0.0764217,0.225,0.0523816,0.225,-0.0701707,0.225,0.218691
0.226,0.0597841,0.226,0.0560006,0.226,0.163748,0.226,0.135454
0.227,0.177072,0.227,-0.197,0.227,-0.244376,0.227,0.00500571
0.228,0.231686,0.228,0.231192,0.228,0.180856,0.228,-0.128239
0.229,0.169834,0.229,-0.200619,0.229,-0.0897461,0.229,-0.222004
0.23,0.0495851,0.23,0.0578101,0.23,-0.0777377,0.23,-0.235987
0.231,-0.0874431,0.231,0.0504076,0.231,0.170328,0.231,-0.162455
0.232,-0.199303,0.232,-0.193217,0.232,-0.245857,0.232,-0.0346387
0.233,-0.244541,0.233,0.232344,0.233,0.175756,0.233,0.101896
0.234,-0.193381,0.234,-0.203087,0.234,-0.0823437,0.234,0.203392
0.235,-0.0783957,0.235,0.0612646,0.235,-0.0849756,0.235,0.218855
0.236,0.0586326,0.236,0.0453081,0.236,0.174769,0.236,0.135454
0.237,0.175427,0.237,-0.189927,0.237,-0.244212,0.237,0.00517021
0.238,0.231521,0.238,0.231357,0.238,0.170657,0.238,-0.127417
0.239,0.171479,0.239,-0.20687,0.239,-0.0749412,0.239,-0.222169
0.24,0.0494206,0.24,0.0678446,0.24,-0.0920491,0.24,-0.23648
0.241,-0.0862916,0.241,0.0400441,0.241,0.180527,0.241,-0.162455
0.242,-0.198645,0.242,-0.18713,0.242,-0.242896,0.242,-0.0346387
0.243,-0.245363,0.243,0.230699,0.243,0.164899,0.243,0.101567
0.244,-0.193381,0.244,-0.20868,0.244,-0.0675387,0.244,0.203886
0.245,-0.0803697,0.245,0.072615,0.245,-0.0991226,0.245,0.218033
0.246,0.0563296,0.246,0.0347801,0.246,0.185626,0.246,0.134467
0.247,0.174111,0.247,-0.18384,0.247,-0.241909,0.247,0.00484121
0.248,0.231357,0.248,0.229547,0.248,0.15799,0.248,-0.12791
0.249,0.170821,0.249,-0.211805,0.249,-0.0598072,0.249,-0.222004
0.25,0.0520526,0.25,0.0773855,0.25,-0.107183,0.25,-0.236316
0.251,-0.0854691,0.251,0.0293517,0.251,0.190068,0.251,-0.162126
0.252,-0.197329,0.252,-0.18055,0.252,-0.241251,0.252,-0.0346387
0.253,-0.245199,0.253,0.227574,0.253,0.152397,0.253,0.101567
0.254,-0.195684,0.254,-0.214273,0.254,-0.0515822,0.254,0.203063
0.255,-0.0802052,0.255,0.0819915,0.255,-0.114421,0.255,0.218526
0.256,0.0555071,0.256,0.0249102,0.256,0.195003,0.256,0.134467
0.257,0.17296,0.257,-0.17578,0.257,-0.23829,0.257,0.00500571
0.258,0.230863,0.258,0.225929,0.258,0.145982,0.258,-0.12791
0.259,0.173453,0.259,-0.216247,0.259,-0.0448377,0.259,-0.221675
0.26,0.0541911,0.26,0.085775,0.26,-0.122153,0.26,-0.236645
0.261,-0.0831662,0.261,0.0206332,0.261,0.198786,0.261,-0.161962
0.262,-0.195684,0.262,-0.172325,0.262,-0.237138,0.262,-0.0351322
0.263,-0.245199,0.263,0.225435,0.263,0.140553,0.263,0.101402
0.264,-0.196671,0.264,-0.219043,0.264,-0.0367772,0.264,0.203392
0.265,-0.0821792,0.265,0.0915325,0.265,-0.128239,0.265,0.218526
0.266,0.0535331,0.266,0.0147112,0.266,0.202405,0.266,0.135125
0.267,0.172795,0.267,-0.168706,0.267,-0.235822,0.267,0.00401871
0.268,0.229547,0.268,0.223297,0.268,0.134302,0.268,-0.128404
0.269,0.175098,0.269,-0.221182,0.269,-0.0292102,0.269,-0.221675
0.27,0.0550136,0.27,0.095316,0.27,-0.13449,0.27,-0.235822
0.271,-0.0816857,0.271,0.0096117,0.271,0.206024,0.271,-0.162949
0.272,-0.194697,0.272,-0.163771,0.272,-0.233519,0.272,-0.0356257
0.273,-0.244705,0.273,0.221816,0.273,0.127887,0.273,0.100744
0.274,-0.196671,0.274,-0.223978,0.274,-0.0211497,0.274,0.203392
0.275,-0.0844821,0.275,0.101073,0.275,-0.142386,0.275,0.219184
0.276,0.0518881,0.276,0.00451221,0.276,0.209808,0.276,0.135947
0.277,0.171808,0.277,-0.160152,0.277,-0.230394,0.277,0.00517021
0.278,0.230863,0.278,0.220007,0.278,0.120813,0.278,-0.127252
0.279,0.175756,0.279,-0.225459,0.279,-0.0134183,0.279,-0.221017
0.28,0.0576456,0.28,0.104363,0.28,-0.147815,0.28,-0.236316
0.281,-0.0798762,0.281,-0.000751778,0.281,0.212769,0.281,-0.16262
0.282,-0.194039,0.282,-0.155875,0.282,-0.228091,0.282,-0.0357902
0.283,-0.24487,0.283,0.219184,0.283,0.113575,0.283,0.100086
0.284,-0.197658,0.284,-0.227268,0.284,-0.00568677,0.284,0.202076
0.285,-0.0861271,0.285,0.109956,0.285,-0.15423,0.285,0.21902
0.286,0.0507366,0.286,-0.00585127,0.286,0.215236,0.286,0.137263
0.287,0.168847,0.287,-0.152092,0.287,-0.224801,0.287,0.00697971
0.288,0.23037,0.288,0.216717,0.288,0.106995,0.288,-0.125443
0.289,0.177401,0.289,-0.229242,0.289,0.00188022,0.289,-0.220853
0.29,0.0581391,0.29,0.114233,0.29,-0.16081,0.29,-0.237467
0.291,-0.0779022,0.291,-0.0109508,0.291,0.218691,0.291,-0.164758
0.292,-0.192888,0.292,-0.148802,0.292,-0.221511,0.292,-0.0377642
0.293,-0.243883,0.293,0.215401,0.293,0.098277,0.293,0.0984415
0.294,-0.197987,0.294,-0.230723,0.294,0.0105987,0.294,0.201418
0.295,-0.0876076,0.295,0.118675,0.295,-0.167884,0.295,0.218855
0.296,0.0479401,0.296,-0.0163792,0.296,0.221487,0.296,0.137921
0.297,0.167696,0.297,-0.143867,0.297,-0.217398,0.297,0.0087892
0.298,0.229547,0.298,0.211946,0.298,0.0912035,0.298,-0.12462
0.299,0.178059,0.299,-0.232697,0.299,0.0186592,0.299,-0.220853
0.3,0.0609356,0.3,0.123116,0.3,-0.17397,0.3,-0.236974
0.301,-0.0752702,0.301,-0.0227947,0.301,0.223461,0.301,-0.165416
0.302,-0.191407,0.302,-0.139754,0.302,-0.213944,0.302,-0.0389157
0.303,-0.244212,0.303,0.209643,0.303,0.084788,0.303,0.097619
0.304,-0.200126,0.304,-0.234671,0.304,0.0254037,0.304,0.201089
0.305,-0.0890881,0.305,0.128216,0.305,-0.179563,0.305,0.219842
0.306,0.0459661,0.306,-0.0282232,0.306,0.225764,0.306,0.138744
0.307,0.166873,0.307,-0.133832,0.307,-0.209831,0.307,0.0101052
0.308,0.228232,0.308,0.207011,0.308,0.0767275,0.308,-0.12314
0.309,0.180033,0.309,-0.23648,0.309,0.0332996,0.309,-0.219372
0.31,0.0624161,0.31,0.132822,0.31,-0.184992,0.31,-0.237303
0.311,-0.0734607,0.311,-0.0323357,0.311,0.227245,0.311,-0.167061
0.312,-0.189598,0.312,-0.129226,0.312,-0.20539,0.312,-0.0403962
0.313,-0.244047,0.313,0.204215,0.313,0.0685026,0.313,0.0961385
0.314,-0.202758,0.314,-0.237467,0.314,0.0411956,0.314,0.199938
0.315,-0.0930361,0.315,0.136934,0.315,-0.19042,0.315,0.220665
0.316,0.0446501,0.316,-0.0382577,0.316,0.228232,0.316,0.139895
0.317,0.165064,0.317,-0.124785,0.317,-0.201113,0.317,0.0107632
0.318,0.228232,0.318,0.202405,0.318,0.0622516,0.318,-0.122482
0.319,0.180691,0.319,-0.238783,0.319,0.0489271,0.319,-0.219043
0.32,0.0653771,0.32,0.141047,0.32,-0.195026,0.32,-0.237632
0.321,-0.0706642,0.321,-0.0425347,0.321,0.231028,0.321,-0.166897
0.322,-0.188282,0.322,-0.120672,0.322,-0.196836,0.322,-0.0408897
0.323,-0.243389,0.323,0.198786,0.323,0.0541911,0.323,0.095974
0.324,-0.203745,0.324,-0.239935,0.324,0.0558361,0.324,0.199444
0.325,-0.0943521,0.325,0.145982,0.325,-0.199303,0.325,0.220665
0.326,0.0408666,0.326,-0.0482922,0.326,0.231192,0.326,0.140882
0.327,0.163254,0.327,-0.115408,0.327,-0.191078,0.327,0.0110922
0.328,0.228889,0.328,0.196977,0.328,0.0471176,0.328,-0.122482
0.329,0.182994,0.329,-0.241086,0.329,0.0638966,0.329,-0.219372
0.33,0.0671866,0.33,0.149601,0.33,-0.203909,0.33,-0.238125
0.331,-0.0696772,0.331,-0.0537207,0.331,0.229712,0.331,-0.167226
0.332,-0.186308,0.332,-0.110144,0.332,-0.185485,0.332,-0.0413832
0.333,-0.242402,0.333,0.193851,0.333,0.0370831,0.333,0.094658
0.334,-0.204074,0.334,-0.243225,0.334,0.0711346,0.334,0.199609
0.335,-0.0956681,0.335,0.154371,0.335,-0.209009,0.335,0.221487
0.336,0.0395506,0.336,-0.0588202,0.336,0.227903,0.336,0.141211
0.337,0.161774,0.337,-0.105867,0.337,-0.181044,0.337,0.0124082
0.338,0.227574,0.338,0.191384,0.338,0.0306677,0.338,-0.122811
0.339,0.183323,0.339,-0.242567,0.339,0.079524,0.339,-0.218221
0.34,0.0693251,0.34,0.157826,0.34,-0.212792,0.34,-0.238125
0.341,-0.0677032,0.341,-0.0644132,0.341,0.225929,0.341,-0.169035
0.342,-0.185814,0.342,-0.100439,0.342,-0.174957,0.342,-0.0425347
0.343,-0.242073,0.343,0.188094,0.343,0.0217847,0.343,0.0938355
0.344,-0.206541,0.344,-0.244212,0.344,0.0862685,0.344,0.198786
0.345,-0.0974776,0.345,0.161938,0.345,-0.217069,0.345,0.221158
0.346,0.0383991,0.346,-0.0691837,0.346,0.224119,0.346,0.14154
0.347,0.160129,0.347,-0.0963261,0.347,-0.170022,0.347,0.0132307
0.348,0.227245,0.348,0.184146,0.348,0.0137242,0.348,-0.120837
0.349,0.185297,0.349,-0.244705,0.349,0.094,0.349,-0.218056
0.35,0.0721216,0.35,0.16638,0.35,-0.219866,0.35,-0.238454
0.351,-0.0650712,0.351,-0.0744477,0.351,0.221487,0.351,-0.1692
0.352,-0.184498,0.352,-0.0912266,0.352,-0.162949,0.352,-0.0428637
0.353,-0.242731,0.353,0.180856,0.353,0.00549921,0.353,0.093671
0.354,-0.206377,0.354,-0.245363,0.354,0.101073,0.354,0.198951
0.355,-0.100439,0.355,0.169505,0.355,-0.224801,0.355,0.221487
0.356,0.0356026,0.356,-0.0797117,0.356,0.218691,0.356,0.142363
0.357,0.158155,0.357,-0.0859626,0.357,-0.155875,0.357,0.0143822
0.358,0.226422,0.358,0.176908,0.358,-0.00289027,0.358,-0.120343
0.359,0.186613,0.359,-0.246186,0.359,0.108969,0.359,-0.217234
0.36,0.07426,0.36,0.173618,0.36,-0.226939,0.36,-0.238125
0.361,-0.0616167,0.361,-0.0843176,0.361,0.21573,0.361,-0.169529
0.362,-0.18236,0.362,-0.0821792,0.362,-0.150118,0.362,-0.0438507
0.363,-0.241744,0.363,0.173289,0.363,-0.0111153,0.363,0.0935065
0.364,-0.20868,0.364,-0.245363,0.364,0.116207,0.364,0.199115
0.365,-0.102742,0.365,0.177237,0.365,-0.230558,0.365,0.221487
0.366,0.0326417,0.366,-0.0887591,0.366,0.212111,0.366,0.142363
0.367,0.156839,0.367,-0.0762572,0.367,-0.143373,0.367,0.0137242
0.368,0.226587,0.368,0.16967,0.368,-0.0188467,0.368,-0.119521
0.369,0.188094,0.369,-0.245363,0.369,0.124268,0.369,-0.217892
0.37,0.075576,0.37,0.180198,0.37,-0.233519,0.37,-0.237796
0.371,-0.0594782,0.371,-0.0932006,0.371,0.20915,0.371,-0.1692
0.372,-0.180879,0.372,-0.0723092,0.372,-0.135806,0.372,-0.0433572
0.373,-0.241744,0.373,0.166051,0.373,-0.0277297,0.373,0.0928485
0.374,-0.209009,0.374,-0.244047,0.374,0.130848,0.374,0.198293
0.375,-0.103729,0.375,0.182501,0.375,-0.235,0.375,0.221652
0.376,0.0309967,0.376,-0.10011,0.376,0.204708,0.376,0.143021
0.377,0.155029,0.377,-0.0655647,0.377,-0.128568,0.377,0.0148757
0.378,0.226587,0.378,0.162925,0.378,-0.0357902,0.378,-0.119685
0.379,0.18941,0.379,-0.243389,0.379,0.138415,0.379,-0.217563
0.38,0.077879,0.38,0.18612,0.38,-0.237303,0.38,-0.238454
0.381,-0.0579977,0.381,-0.104387,0.381,0.200267,0.381,-0.169529
0.382,-0.178741,0.382,-0.0614522,0.382,-0.121166,0.382,-0.0441797
0.383,-0.24158,0.383,0.159142,0.383,-0.0433572,0.383,0.0918615
0.384,-0.210654,0.384,-0.241909,0.384,0.144337,0.384,0.198293
0.385,-0.106032,0.385,0.189245,0.385,-0.238783,0.385,0.221652
0.386,0.0286937,0.386,-0.109322,0.386,0.196648,0.386,0.143679
0.387,0.152233,0.387,-0.0571752,0.387,-0.114915,0.387,0.0148757
0.388,0.225435,0.388,0.153878,0.388,-0.0514177,0.388,-0.119521
0.389,0.189903,0.389,-0.240593,0.389,0.150094,0.389,-0.217563
0.39,0.079195,0.39,0.193193,0.39,-0.240428,0.39,-0.238619
0.391,-0.0575042,0.391,-0.113599,0.391,0.193193,0.391,-0.17068
0.392,-0.177754,0.392,-0.0505952,0.392,-0.107183,0.392,-0.0450022
0.393,-0.240757,0.393,0.150917,0.393,-0.0596427,0.393,0.092026
0.394,-0.211147,0.394,-0.23977,0.394,0.156839,0.394,0.198457
0.395,-0.107512,0.395,0.19599,0.395,-0.242567,0.395,0.221323
0.396,0.0273777,0.396,-0.119192,0.396,0.187929,0.396,0.144008
0.397,0.152068,0.397,-0.0464827,0.397,-0.100274,0.397,0.0163562
0.398,0.223955,0.398,0.146311,0.398,-0.0657292,0.398,-0.117711
0.399,0.191548,0.399,-0.238125,0.399,0.162103,0.399,-0.216576
0.4,0.0800175,0.4,0.198951,0.4,-0.243389,0.4,-0.238783
0.401,-0.0555302,0.401,-0.124785,0.401,0.183159,0.401,-0.170845
0.402,-0.176767,0.402,-0.0397382,0.402,-0.0930361,0.402,-0.0459892
0.403,-0.239606,0.403,0.141869,0.403,-0.0739542,0.403,0.090052
0.404,-0.212134,0.404,-0.23829,0.404,0.167696,0.404,0.197141
0.405,-0.109322,0.405,0.202076,0.405,-0.245363,0.405,0.222474
0.406,0.0255682,0.406,-0.128239,0.406,0.178059,0.406,0.14483
0.407,0.150917,0.407,-0.0351322,0.407,-0.0853046,0.407,0.0178367
0.408,0.22379,0.408,0.137263,0.408,-0.0815212,0.408,-0.116395
0.409,0.193358,0.409,-0.235658,0.409,0.173618,0.409,-0.215918
0.41,0.0842945,0.41,0.204873,0.41,-0.245199,0.41,-0.239112
0.411,-0.0530627,0.411,-0.133503,0.411,0.172631,0.411,-0.172654
0.412,-0.175122,0.412,-0.0297037,0.412,-0.0777377,0.412,-0.0484567
0.413,-0.239606,0.413,0.133151,0.413,-0.0900751,0.413,0.088736
0.414,-0.213286,0.414,-0.234506,0.414,0.177401,0.414,0.196154
0.415,-0.111954,0.415,0.206847,0.415,-0.243554,0.415,0.222803
0.416,0.0231007,0.416,-0.137616,0.416,0.166709,0.416,0.14664
0.417,0.14812,0.417,-0.0247687,0.417,-0.0696772,0.417,0.0186592
0.418,0.223955,0.418,0.127887,0.418,-0.0978066,0.418,-0.116066
0.419,0.194345,0.419,-0.23319,0.419,0.183981,0.419,-0.215589
0.42,0.086433,0.42,0.209643,0.42,-0.242731,0.42,-0.238948
0.421,-0.0497727,0.421,-0.141564,0.421,0.160622,0.421,-0.172983
0.422,-0.174628,0.422,-0.0191757,0.422,-0.0617812,0.422,-0.0482922
0.423,-0.238948,0.423,0.124103,0.423,-0.103893,0.423,0.0879135
0.424,-0.214602,0.424,-0.231381,0.424,0.188587,0.424,0.195825
0.425,-0.113763,0.425,0.211946,0.425,-0.241251,0.425,0.223626
0.426,0.0206332,0.426,-0.146992,0.426,0.155358,0.426,0.147133
0.427,0.147462,0.427,-0.0142408,0.427,-0.0553657,0.427,0.0198107
0.428,0.223132,0.428,0.119168,0.428,-0.112118,0.428,-0.115079
0.429,0.194674,0.429,-0.230065,0.429,0.193522,0.429,-0.21526
0.43,0.087749,0.43,0.213591,0.43,-0.238783,0.43,-0.239606
0.431,-0.0487857,0.431,-0.151269,0.431,0.14812,0.431,-0.173641
0.432,-0.171667,0.432,-0.00914126,0.432,-0.0477987,0.432,-0.0501017
0.433,-0.23829,0.433,0.115385,0.433,-0.118369,0.433,0.086762
0.434,-0.21526,0.434,-0.227762,0.434,0.196648,0.434,0.195496
0.435,-0.11475,0.435,0.214907,0.435,-0.237796,0.435,0.22379
0.436,0.0184947,0.436,-0.155217,0.436,0.142363,0.436,0.148285
0.437,0.145324,0.437,-0.00404177,0.437,-0.0389157,0.437,0.0214557
0.438,0.222639,0.438,0.110121,0.438,-0.126594,0.438,-0.113105
0.439,0.196319,0.439,-0.225788,0.439,0.201254,0.439,-0.214437
0.44,0.089065,0.44,0.21721,0.44,-0.235,0.44,-0.240264
0.441,-0.0484567,0.441,-0.15933,0.441,0.135289,0.441,-0.174793
0.442,-0.170187,0.442,0.00138672,0.442,-0.0311842,0.442,-0.0507597
0.443,-0.23829,0.443,0.105679,0.443,-0.133339,0.443,0.086104
0.444,-0.216082,0.444,-0.223156,0.444,0.205202,0.444,0.194345
0.445,-0.116724,0.445,0.219678,0.445,-0.233355,0.445,0.223297
0.446,0.0160272,0.446,-0.163771,0.446,0.129367,0.446,0.148943
0.447,0.144501,0.447,0.00632171,0.447,-0.0244397,0.447,0.0226072
0.448,0.221981,0.448,0.101073,0.448,-0.139425,0.448,-0.112283
0.449,0.196977,0.449,-0.221675,0.449,0.208821,0.449,-0.213615
0.45,0.0908745,0.45,0.220994,0.45,-0.230723,0.45,-0.240428
0.451,-0.0454957,0.451,-0.168542,0.451,0.122787,0.451,-0.174957
0.452,-0.168377,0.452,0.0122437,0.452,-0.0155567,0.452,-0.0512532
0.453,-0.237961,0.453,0.094987,0.453,-0.146005,0.453,0.0856105
0.454,-0.217398,0.454,-0.218879,0.454,0.212275,0.454,0.194345
0.455,-0.118369,0.455,0.223132,0.455,-0.228584,0.455,0.223461
0.456,0.0148757,0.456,-0.171832,0.456,0.116043,0.456,0.149272
0.457,0.142363,0.457,0.0168497,0.457,-0.00766076,0.457,0.0224427
0.458,0.220994,0.458,0.0905455,0.458,-0.152585,0.458,-0.113434
0.459,0.198786,0.459,-0.217069,0.459,0.214907,0.459,-0.213779
0.46,0.0938355,0.46,0.224119,0.46,-0.225952,0.46,-0.240099
0.461,-0.0425347,0.461,-0.176767,0.461,0.109463,0.461,-0.174628
0.462,-0.166897,0.462,0.0217847,0.462,-0.000916278,0.462,-0.0517467
0.463,-0.23829,0.463,0.0852815,0.463,-0.159001,0.463,0.085117
0.464,-0.218714,0.464,-0.214273,0.464,0.218197,0.464,0.194016
0.465,-0.120837,0.465,0.226093,0.465,-0.222333,0.465,0.224284
0.466,0.0132307,0.466,-0.179399,0.466,0.100909,0.466,0.14993
0.467,0.141047,0.467,0.0277067,0.467,0.00681521,0.467,0.0231007
0.468,0.220171,0.468,0.0800175,0.468,-0.164758,0.468,-0.111625
0.469,0.199938,0.469,-0.210818,0.469,0.220994,0.469,-0.213286
0.47,0.0948225,0.47,0.227409,0.47,-0.219372,0.47,-0.240264
0.471,-0.0415477,0.471,-0.184169,0.471,0.0958095,0.471,-0.176931
0.472,-0.165581,0.472,0.0339576,0.472,0.0145467,0.472,-0.0542142
0.473,-0.236809,0.473,0.074589,0.473,-0.170022,0.473,0.083472
0.474,-0.220195,0.474,-0.207857,0.474,0.222639,0.474,0.193687
0.475,-0.123469,0.475,0.227409,0.475,-0.215918,0.475,0.223955
0.476,0.0097762,0.476,-0.187459,0.476,0.0875845,0.476,0.150588
0.477,0.138415,0.477,0.0385636,0.477,0.0221137,0.477,0.0250747
0.478,0.220007,0.478,0.0691606,0.478,-0.176273,0.478,-0.109651
0.479,0.200431,0.479,-0.205719,0.479,0.225271,0.479,-0.212628
0.48,0.096303,0.48,0.228561,0.48,-0.21197,0.48,-0.241086
0.481,-0.0384222,0.481,-0.190914,0.481,0.0796885,0.481,-0.17726
0.482,-0.163771,0.482,0.0433341,0.482,0.0301742,0.482,-0.0543787
0.483,-0.235329,0.483,0.0637321,0.483,-0.182689,0.483,0.0819915
0.484,-0.220524,0.484,-0.202922,0.484,0.226422,0.484,0.191877
0.485,-0.124785,0.485,0.230534,0.485,-0.206706,0.485,0.224613
0.486,0.00747321,0.486,-0.194533,0.486,0.0716281,0.486,0.152233
0.487,0.137099,0.487,0.0492561,0.487,0.0379056,0.487,0.0260617
0.488,0.219842,0.488,0.0594551,0.488,-0.187624,0.488,-0.108664
0.489,0.201912,0.489,-0.198316,0.489,0.228067,0.489,-0.212134
0.49,0.10058,0.49,0.23185,0.49,-0.202922,0.49,-0.240593
0.491,-0.0357902,0.491,-0.198316,0.491,0.0648836,0.491,-0.17726
0.492,-0.162291,0.492,0.0533686,0.492,0.0449791,0.492,-0.0545432
0.493,-0.235822,0.493,0.0541911,0.493,-0.193546,0.493,0.083143
0.494,-0.220853,0.494,-0.195026,0.494,0.229712,0.494,0.192371
0.495,-0.126594,0.495,0.233002,0.495,-0.199303,0.495,0.224119
0.496,0.00549921,0.496,-0.201606,0.496,0.0587971,0.496,0.152233
0.497,0.135125,0.497,0.0592906,0.497,0.0522171,0.497,0.0252392
0.498,0.217375,0.498,0.0489271,0.498,-0.197823,0.498,-0.108828
0.499,0.203557,0.499,-0.192065,0.499,0.230699,0.499,-0.21197
0.5,0.101567,0.5,0.231357,0.5,-0.193875,0.5,-0.241415
0.501,-0.0331582,0.501,-0.204567,0.501,0.0499141,0.501,-0.178741
0.502,-0.160646,0.502,0.0645546,0.502,0.0606066,0.502,-0.0561882
0.503,-0.235329,0.503,0.0426761,0.503,-0.201771,0.503,0.0810045
0.504,-0.222662,0.504,-0.187624,0.504,0.229383,0.504,0.191548
0.505,-0.129062,0.505,0.23037,0.505,-0.188775,0.505,0.225271
0.506,0.00368971,0.506,-0.207693,0.506,0.0413601,0.506,0.153055
0.507,0.133315,0.507,0.0701476,0.507,0.0686671,0.507,0.0275422
0.508,0.217375,0.508,0.0382346,0.508,-0.206706,0.508,-0.107348
0.509,0.205366,0.509,-0.184334,0.509,0.228725,0.509,-0.210654
0.51,0.103541,0.51,0.229547,0.51,-0.183511,0.51,-0.241086
0.511,-0.0306907,0.511,-0.211147,0.511,0.0337931,0.511,-0.179892
0.512,-0.158178,0.512,0.075247,0.512,0.0767275,0.512,-0.0584912
0.513,-0.234835,0.513,0.0319837,0.513,-0.212134,0.513,0.0793595
0.514,-0.222827,0.514,-0.180715,0.514,0.226093,0.514,0.189739
0.515,-0.131858,0.515,0.227574,0.515,-0.177589,0.515,0.225764
0.516,0.00171572,0.516,-0.212957,0.516,0.0252392,0.516,0.154207
0.517,0.131999,0.517,0.079853,0.517,0.084459,0.517,0.0283647
0.518,0.216881,0.518,0.0268842,0.518,-0.21526,0.518,-0.105867
0.519,0.205366,0.519,-0.177754,0.519,0.224942,0.519,-0.209996
0.52,0.106008,0.52,0.226751,0.52,-0.171503,0.52,-0.241415
0.521,-0.0300327,0.521,-0.215095,0.521,0.0168497,0.521,-0.181702
0.522,-0.15604,0.522,0.084459,0.522,0.091368,0.522,-0.0607942
0.523,-0.234671,0.523,0.0219492,0.523,-0.219043,0.523,0.077221
0.524,-0.224636,0.524,-0.174299,0.524,0.222803,0.524,0.188916
0.525,-0.134161,0.525,0.2256,0.525,-0.166403,0.525,0.226093
0.526,-0.000751778,0.526,-0.218221,0.526,0.0094472,0.526,0.156016
0.527,0.129367,0.527,0.0895585,0.527,0.098606,0.527,0.0314902
0.528,0.21573,0.528,0.0175077,0.528,-0.222991,0.528,-0.103893
0.529,0.207176,0.529,-0.170022,0.529,0.220171,0.529,-0.209173
0.53,0.107982,0.53,0.224448,0.53,-0.158178,0.53,-0.241909
0.531,-0.0277297,0.531,-0.220359,0.531,0.000893219,0.531,-0.182031
0.532,-0.155875,0.532,0.0944935,0.532,0.106173,0.532,-0.0617812
0.533,-0.232697,0.533,0.0129017,0.533,-0.226775,0.533,0.075905
0.534,-0.224965,0.534,-0.166074,0.534,0.217375,0.534,0.188423
0.535,-0.135313,0.535,0.222474,0.535,-0.151763,0.535,0.226093
0.536,-0.00354827,0.536,-0.222498,0.536,-0.00700277,0.536,0.157661
0.537,0.127064,0.537,0.099264,0.537,0.112424,0.537,0.0331351
0.538,0.215072,0.538,0.00582821,0.538,-0.229571,0.538,-0.101919
0.539,0.208327,0.539,-0.161962,0.539,0.213756,0.539,-0.208186
0.54,0.109627,0.54,0.221323,0.54,-0.145676,0.54,-0.242567
0.541,-0.0237817,0.541,-0.225294,0.541,-0.0148988,0.541,-0.184169
0.542,-0.153079,0.542,0.104199,0.542,0.120484,0.542,-0.0629327
0.543,-0.233026,0.543,0.00122222,0.543,-0.231874,0.543,0.0740955
0.544,-0.225952,0.544,-0.157191,0.544,0.210301,0.544,0.187436
0.545,-0.137616,0.545,0.218526,0.545,-0.138438,0.545,0.226587
0.546,-0.00535777,0.546,-0.227926,0.546,-0.0237817,0.546,0.158319
0.547,0.124761,0.547,0.108969,0.547,0.127558,0.547,0.0342866
0.548,0.21392,0.548,-0.00420627,0.548,-0.234506,0.548,-0.100932
0.549,0.208821,0.549,-0.152914,0.549,0.20734,0.549,-0.207528
0.55,0.11193,0.55,0.21721,0.55,-0.132187,0.55,-0.242567
0.551,-0.0231237,0.551,-0.230229,0.551,-0.0306907,0.551,-0.185156
0.552,-0.151434,0.552,0.114233,0.552,0.133809,0.552,-0.0644132
0.553,-0.232039,0.553,-0.00996376,0.553,-0.23648,0.553,0.0731085
0.554,-0.226446,0.554,-0.148802,0.554,0.203721,0.554,0.18612
0.555,-0.138603,0.555,0.215072,0.555,-0.126101,0.555,0.226916
0.556,-0.00766076,0.556,-0.231216,0.556,-0.0380932,0.556,0.159142
0.557,0.123774,0.557,0.118181,0.557,0.140224,0.557,0.0354381
0.558,0.212933,0.558,-0.0150633,0.558,-0.23829,0.558,-0.0989581
0.559,0.20915,0.559,-0.143867,0.559,0.200102,0.559,-0.20687
0.56,0.113575,0.56,0.212769,0.56,-0.120014,0.56,-0.242567
0.561,-0.0196692,0.561,-0.232697,0.561,-0.0464827,0.561,-0.186143
0.562,-0.14946,0.562,0.122952,0.562,0.146804,0.562,-0.0660582
0.563,-0.23171,0.563,-0.0209852,0.563,-0.239935,0.563,0.0714636
0.564,-0.227762,0.564,-0.140248,0.564,0.195003,0.564,0.185791
0.565,-0.140741,0.565,0.210795,0.565,-0.11146,0.565,0.227409
0.566,-0.0107863,0.566,-0.234177,0.566,-0.0545432,0.566,0.160129
0.567,0.1218,0.567,0.127393,0.567,0.152397,0.567,0.0362606
0.568,0.212604,0.568,-0.0275652,0.568,-0.241909,0.568,-0.0989581
0.569,0.210301,0.569,-0.134326,0.569,0.190726,0.569,-0.205883
0.57,0.114398,0.57,0.208492,0.57,-0.104058,0.57,-0.242567
0.571,-0.0185177,0.571,-0.236316,0.571,-0.0624392,0.571,-0.185156
0.572,-0.148802,0.572,0.131012,0.572,0.159142,0.572,-0.0660582
0.573,-0.230558,0.573,-0.0318422,0.573,-0.24306,0.573,0.0714636
0.574,-0.228255,0.574,-0.1312,0.574,0.18612,0.574,0.185955
0.575,-0.141893,0.575,0.204873,0.575,-0.0966551,0.575,0.227409
0.576,-0.0112798,0.576,-0.236974,0.576,-0.0708287,0.576,0.160293
0.577,0.120155,0.577,0.136605,0.577,0.16457,0.577,0.0362606
0.578,0.212275,0.578,-0.0371062,0.578,-0.245199,0.578,-0.0992871
0.579,0.210301,0.579,-0.126265,0.579,0.180691,0.579,-0.206377
0.58,0.116372,0.58,0.203228,0.58,-0.0892526,0.58,-0.242896
0.581,-0.0163792,0.581,-0.239277,0.581,-0.0780667,0.581,-0.185485
0.582,-0.14617,0.582,0.140882,0.582,0.170657,0.582,-0.0673742
0.583,-0.229736,0.583,-0.0422057,0.583,-0.245199,0.583,0.0706411
0.584,-0.229078,0.584,-0.120672,0.584,0.175756,0.584,0.184639
0.585,-0.143538,0.585,0.199938,0.585,-0.0815212,0.585,0.22708
0.586,-0.0137473,0.586,-0.240593,0.586,-0.0862916,0.586,0.160787
0.587,0.118839,0.587,0.145488,0.587,0.175921,0.587,0.0377411
0.588,0.212111,0.588,-0.0479632,0.588,-0.245034,0.588,-0.0984646
0.589,0.211124,0.589,-0.116066,0.589,0.168847,0.589,-0.206377
0.59,0.119004,0.59,0.197306,0.59,-0.0729672,0.59,-0.243225
0.591,-0.0135828,0.591,-0.241086,0.591,-0.0943521,0.591,-0.186143
0.592,-0.144854,0.592,0.149272,0.592,0.181514,0.592,-0.0673742
0.593,-0.228913,0.593,-0.0535562,0.593,-0.243225,0.593,0.0709701
0.594,-0.230394,0.594,-0.11146,0.594,0.163912,0.594,0.185297
0.595,-0.145841,0.595,0.19418,0.595,-0.0657292,0.595,0.227574
0.596,-0.0155567,0.596,-0.241251,0.596,-0.101755,0.596,0.160787
0.597,0.115878,0.597,0.15322,0.597,0.186778,0.597,0.0379056
0.598,0.209972,0.598,-0.0583267,0.598,-0.241415,0.598,-0.0973131
0.599,0.212933,0.599,-0.107019,0.599,0.157332,0.599,-0.205554
0.6,0.122129,0.6,0.192042,0.6,-0.0576687,0.6,-0.243225
0.601,-0.0117733,0.601,-0.243554,0.601,-0.108664,0.601,-0.186801
0.602,-0.142715,0.602,0.156345,0.602,0.190561,0.602,-0.0672097
0.603,-0.228091,0.603,-0.0630972,0.603,-0.240593,0.603,0.0701476
0.604,-0.23171,0.604,-0.102577,0.604,0.151246,0.604,0.184475
0.605,-0.148966,0.605,0.188258,0.605,-0.0496082,0.605,0.227409
0.606,-0.0186822,0.606,-0.244212,0.606,-0.116231,0.606,0.161445
0.607,0.11374,0.607,0.160458,0.607,0.195825,0.607,0.0380701
0.608,0.208656,0.608,-0.0680322,0.608,-0.23829,0.608,-0.0968196
0.609,0.21392,0.609,-0.0974776,0.609,0.144501,0.609,-0.204403
0.61,0.123939,0.61,0.186284,0.61,-0.0425347,0.61,-0.243389
0.611,-0.00864776,0.611,-0.245363,0.611,-0.122975,0.611,-0.187295
0.612,-0.140083,0.612,0.16457,0.612,0.200267,0.612,-0.0690192
0.613,-0.227104,0.613,-0.0729672,0.613,-0.236645,0.613,0.0680091
0.614,-0.232532,0.614,-0.0935296,0.614,0.139402,0.614,0.183323
0.615,-0.14946,0.615,0.181678,0.615,-0.0348032,0.615,0.228232
0.616,-0.0206562,0.616,-0.245857,0.616,-0.130213,0.616,0.162925
0.617,0.111272,0.617,0.169012,0.617,0.203392,0.617,0.0397151
0.618,0.207998,0.618,-0.0779022,0.618,-0.234342,0.618,-0.0956681
0.619,0.214907,0.619,-0.0872786,0.619,0.132493,0.619,-0.204074
0.62,0.125255,0.62,0.178882,0.62,-0.0278942,0.62,-0.242731
0.621,-0.00716727,0.621,-0.24635,0.621,-0.136629,0.621,-0.187788
0.622,-0.138603,0.622,0.171973,0.622,0.207505,0.622,-0.0690192
0.623,-0.226939,0.623,-0.0834952,0.623,-0.231874,0.623,0.0681736
0.624,-0.232039,0.624,-0.0831662,0.624,0.126571,0.624,0.183488
0.625,-0.151927,0.625,0.174934,0.625,-0.0199982,0.625,0.228067
0.626,-0.0227947,0.626,-0.245528,0.626,-0.143044,0.626,0.162596
0.627,0.110779,0.627,0.176579,0.627,0.210795,0.627,0.0392216
0.628,0.20734,0.628,-0.0879366,0.628,-0.229571,0.628,-0.0961616
0.629,0.215401,0.629,-0.0782312,0.629,0.11851,0.629,-0.204732
0.63,0.126571,0.63,0.171479,0.63,-0.0114443,0.63,-0.243554
0.631,-0.00519327,0.631,-0.245363,0.631,-0.15094,0.631,-0.187788
0.632,-0.136958,0.632,0.179704,0.632,0.214249,0.632,-0.0701707
0.633,-0.226446,0.633,-0.0923781,0.633,-0.226446,0.633,0.0675156
0.634,-0.232861,0.634,-0.0729672,0.634,0.111601,0.634,0.182665
0.635,-0.153408,0.635,0.166873,0.635,-0.00272577,0.635,0.228067
0.636,-0.0247687,0.636,-0.244705,0.636,-0.156698,0.636,0.164077
0.637,0.107489,0.637,0.183159,0.637,0.21721,0.637,0.0415246
0.638,0.206518,0.638,-0.0974776,0.638,-0.223485,0.638,-0.0938586
0.639,0.216552,0.639,-0.0672097,0.639,0.10387,0.639,-0.202758
0.64,0.129203,0.64,0.164077,0.64,0.00500571,0.64,-0.244376
0.641,-0.00305477,0.641,-0.242896,0.641,-0.1641,0.641,-0.189269
0.642,-0.134655,0.642,0.185955,0.642,0.21902,0.642,-0.0714867
0.643,-0.224965,0.643,-0.102577,0.643,-0.220359,0.643,0.0663641
0.644,-0.234177,0.644,-0.0624392,0.644,0.095316,0.644,0.182007
0.645,-0.154888,0.645,0.159306,0.645,0.0127372,0.645,0.228232
0.646,-0.0275652,0.646,-0.241744,0.646,-0.169693,0.646,0.164899
0.647,0.106008,0.647,0.188752,0.647,0.221816,0.647,0.0426761
0.648,0.204544,0.648,-0.107512,0.648,-0.216576,0.648,-0.0930361
0.649,0.217375,0.649,-0.0576687,0.649,0.0879135,0.649,-0.202922
0.65,0.131341,0.65,0.156016,0.65,0.0212912,0.65,-0.243883
0.651,-0.000751778,0.651,-0.24158,0.651,-0.175122,0.651,-0.18894
0.652,-0.133174,0.652,0.192371,0.652,0.224284,0.652,-0.0713222
0.653,-0.224143,0.653,-0.112447,0.653,-0.212134,0.653,0.0668576
0.654,-0.234013,0.654,-0.0525692,0.654,0.080182,0.654,0.182007
0.655,-0.156369,0.655,0.151904,0.655,0.0291872,0.655,0.229054
0.656,-0.0301972,0.656,-0.240757,0.656,-0.181537,0.656,0.16457
0.657,0.105021,0.657,0.194838,0.657,0.226587,0.657,0.0420181
0.658,0.203886,0.658,-0.116889,0.658,-0.208844,0.658,-0.0930361
0.659,0.217375,0.659,-0.0479632,0.659,0.073931,0.659,-0.203087
0.66,0.133809,0.66,0.147298,0.66,0.0367541,0.66,-0.244212
0.661,0.00155122,0.661,-0.239441,0.661,-0.187459,0.661,-0.189269
0.662,-0.131036,0.662,0.197141,0.662,0.227738,0.662,-0.0726382
0.663,-0.222991,0.663,-0.122482,0.663,-0.204074,0.663,0.0650481
0.664,-0.235329,0.664,-0.0431927,0.664,0.0650481,0.664,0.181843
0.665,-0.158178,0.665,0.143514,0.665,0.0446501,0.665,0.229547
0.666,-0.0318422,0.666,-0.237796,0.666,-0.193217,0.666,0.165228
0.667,0.102225,0.667,0.200102,0.667,0.230041,0.667,0.0431696
0.668,0.201583,0.668,-0.127088,0.668,-0.199303,0.668,-0.0925426
0.669,0.218691,0.669,-0.0371062,0.669,0.0587971,0.669,-0.2021
0.67,0.13496,0.67,0.138579,0.67,0.0523816,0.67,-0.243883
0.671,0.00385421,0.671,-0.236645,0.671,-0.196671,0.671,-0.190585
0.672,-0.128568,0.672,0.203886,0.672,0.232015,0.672,-0.0736252
0.673,-0.222827,0.673,-0.131858,0.673,-0.194862,0.673,0.0642256
0.674,-0.234835,0.674,-0.0320067,0.674,0.0504076,0.674,0.180856
0.675,-0.160317,0.675,0.134138,0.675,0.0594551,0.675,0.228889
0.676,-0.0339807,0.676,-0.235493,0.676,-0.201606,0.676,0.165886
0.677,0.100744,0.677,0.206024,0.677,0.230534,0.677,0.0439921
0.678,0.201912,0.678,-0.136793,0.678,-0.18894,0.678,-0.0920491
0.679,0.219349,0.679,-0.0272362,0.679,0.0431696,0.679,-0.201277
0.68,0.136605,0.68,0.130519,0.68,0.0671866,0.68,-0.244047
0.681,0.00648621,0.681,-0.234013,0.681,-0.206212,0.681,-0.191243
0.682,-0.126759,0.682,0.208327,0.682,0.228561,0.682,-0.0742832
0.683,-0.220853,0.683,-0.140741,0.683,-0.184663,0.683,0.0627451
0.684,-0.235987,0.684,-0.0211497,0.684,0.0351091,0.684,0.179704
0.685,-0.162126,0.685,0.125255,0.685,0.0750825,0.685,0.229383
0.686,-0.0361192,0.686,-0.23171,0.686,-0.210489,0.686,0.167038
0.687,0.0981125,0.687,0.210137,0.687,0.226751,0.687,0.0459661
0.688,0.200267,0.688,-0.146005,0.688,-0.177918,0.688,-0.0897461
0.689,0.220829,0.689,-0.0158857,0.689,0.0277067,0.689,-0.200455
0.69,0.137921,0.69,0.120978,0.69,0.082485,0.69,-0.244705
0.691,0.0082957,0.691,-0.229736,0.691,-0.214931,0.691,-0.191736
0.692,-0.125278,0.692,0.213098,0.692,0.224942,0.692,-0.0746122
0.693,-0.219537,0.693,-0.14946,0.693,-0.172325,0.693,0.0615936
0.694,-0.236316,0.694,-0.00979926,0.694,0.0184947,0.694,0.178717
0.695,-0.1641,0.695,0.116043,0.695,0.090052,0.695,0.229383
0.696,-0.0377642,0.696,-0.22842,0.696,-0.218221,0.696,0.168189
0.697,0.096303,0.697,0.214743,0.697,0.222803,0.697,0.0471176
0.698,0.199938,0.698,-0.153901,0.698,-0.167226,0.698,-0.0887591
0.699,0.221158,0.699,-0.00568677,0.699,0.0114212,0.699,-0.199632
0.7,0.14006,0.7,0.111601,0.7,0.0974545,0.7,-0.244212
0.701,0.0094472,0.701,-0.226117,0.701,-0.221675,0.701,-0.193217
0.702,-0.122811,0.702,0.217046,0.702,0.219842,0.702,-0.0770797
0.703,-0.219208,0.703,-0.158343,0.703,-0.160481,0.703,0.0604421
0.704,-0.237303,0.704,-0.000258279,0.704,0.00336071,0.704,0.178882
0.705,-0.164923,0.705,0.106502,0.705,0.103541,0.705,0.229876
0.706,-0.0408897,0.706,-0.223814,0.706,-0.226446,0.706,0.168189
0.707,0.094329,0.707,0.218526,0.707,0.217539,0.707,0.0487626
0.708,0.198786,0.708,-0.162784,0.708,-0.153901,0.708,-0.0881011
0.709,0.221158,0.709,0.00500571,0.709,-0.00502877,0.709,-0.199468
0.71,0.142198,0.71,0.102389,0.71,0.111766,0.71,-0.24487
0.711,0.0125727,0.711,-0.22184,0.711,-0.228091,0.711,-0.193875
0.712,-0.121659,0.712,0.2205,0.712,0.214907,0.712,-0.0779022
0.713,-0.217892,0.713,-0.166732,0.713,-0.149131,0.713,0.0599486
0.714,-0.237138,0.714,0.0092827,0.714,-0.0125958,0.714,0.178388
0.715,-0.166568,0.715,0.09729,0.715,0.117359,0.715,0.230041
0.716,-0.0425347,0.716,-0.219372,0.716,-0.231052,0.716,0.168683
0.717,0.092684,0.717,0.22231,0.717,0.211453,0.717,0.0482691
0.718,0.196154,0.718,-0.170516,0.718,-0.141399,0.718,-0.0881011
0.719,0.222639,0.719,0.0155337,0.719,-0.0198337,0.719,-0.199303
0.72,0.143185,0.72,0.0925195,0.72,0.12509,0.72,-0.244541
0.721,0.0150402,0.721,-0.217727,0.721,-0.234013,0.721,-0.192888
0.722,-0.119356,0.722,0.224119,0.722,0.208821,0.722,-0.0772442
0.723,-0.219372,0.723,-0.173806,0.723,-0.134655,0.723,0.0599486
0.724,-0.23829,0.724,0.0199752,0.724,-0.0277297,0.724,0.178224
0.725,-0.168377,0.725,0.087091,0.725,0.130683,0.725,0.229876
0.726,-0.0450022,0.726,-0.214602,0.726,-0.235658,0.726,0.168518
0.727,0.0905455,0.727,0.2256,0.727,0.205366,0.727,0.0481046
0.728,0.196319,0.728,-0.178412,0.728,-0.12791,0.728,-0.0879366
0.729,0.222803,0.729,0.0247457,0.729,-0.0366127,0.729,-0.199139
0.73,0.14483,0.73,0.0826495,0.73,0.138415,0.73,-0.244705
0.731,0.0171787,0.731,-0.213286,0.731,-0.237632,0.731,-0.19371
0.732,-0.117218,0.732,0.226258,0.732,0.20076,0.732,-0.0780667
0.733,-0.216247,0.733,-0.182031,0.733,-0.12133,0.733,0.0599486
0.734,-0.238619,0.734,0.0303387,0.734,-0.0436862,0.734,0.177072
0.735,-0.170187,0.735,0.0773855,0.735,0.143843,0.735,0.230041
0.736,-0.0468117,0.736,-0.21016,0.736,-0.23977,0.736,0.169505
0.737,0.088407,0.737,0.227409,0.737,0.196154,0.737,0.0490916
0.738,0.195496,0.738,-0.184498,0.738,-0.114092,0.738,-0.0879366
0.739,0.224284,0.739,0.0352736,0.739,-0.0514177,0.739,-0.198645
0.74,0.147791,0.74,0.0721216,0.74,0.150423,0.74,-0.24487
0.741,0.0198107,0.741,-0.206706,0.741,-0.240757,0.741,-0.194204
0.742,-0.116066,0.742,0.228889,0.742,0.1927,0.742,-0.0790537
0.743,-0.214602,0.743,-0.189762,0.743,-0.107348,0.743,0.0581391
0.744,-0.238619,0.744,0.0405376,0.744,-0.0591492,0.744,0.177072
0.745,-0.171832,0.745,0.0680091,0.745,0.15651,0.745,0.229712
0.746,-0.0484567,0.746,-0.203416,0.746,-0.242731,0.746,0.170328
0.747,0.0865975,0.747,0.229547,0.747,0.186778,0.747,0.0499141
0.748,0.193358,0.748,-0.193052,0.748,-0.100274,0.748,-0.0856336
0.749,0.224942,0.749,0.0458016,0.749,-0.0672097,0.749,-0.197823
0.75,0.147791,0.75,0.0619226,0.75,0.162925,0.75,-0.245199
0.751,0.0211267,0.751,-0.20029,0.751,-0.243225,0.751,-0.195684
0.752,-0.113928,0.752,0.231192,0.752,0.18283,0.752,-0.0800407
0.753,-0.214602,0.753,-0.195849,0.753,-0.0925426,0.753,0.0569876
0.754,-0.239277,0.754,0.0515591,0.754,-0.0752702,0.754,0.175756
0.755,-0.173641,0.755,0.0571521,0.755,0.168354,0.755,0.230205
0.756,-0.0509242,0.756,-0.197494,0.756,-0.245199,0.756,0.171315
0.757,0.08413,0.757,0.23185,0.757,0.177566,0.757,0.0515591
0.758,0.192206,0.758,-0.199139,0.758,-0.0848111,0.758,-0.0844821
0.759,0.224942,0.759,0.0560006,0.759,-0.0815212,0.759,-0.196507
0.76,0.150588,0.76,0.0532041,0.76,0.173289,0.76,-0.245692
0.761,0.0242522,0.761,-0.195026,0.761,-0.245363,0.761,-0.197
0.762,-0.110144,0.762,0.232015,0.762,0.172466,0.762,-0.0826727
0.763,-0.212957,0.763,-0.2021,0.763,-0.0769152,0.763,0.0545201
0.764,-0.240428,0.764,0.0606066,0.764,-0.0905686,0.764,0.175098
0.765,-0.175944,0.765,0.0474466,0.765,0.178717,0.765,0.230205
0.766,-0.0528982,0.766,-0.191078,0.766,-0.24306,0.766,0.172302
0.767,0.081827,0.767,0.230205,0.767,0.167202,0.767,0.0530396
0.768,0.191055,0.768,-0.204896,0.768,-0.0695127,0.768,-0.0828372
0.769,0.226093,0.769,0.0661996,0.769,-0.0968196,0.769,-0.196342
0.77,0.152726,0.77,0.0426761,0.77,0.183323,0.77,-0.24487
0.771,0.0257327,0.771,-0.18713,0.771,-0.24306,0.771,-0.196507
0.772,-0.109486,0.772,0.23037,0.772,0.16128,0.772,-0.0823437
0.773,-0.21197,0.773,-0.207857,0.773,-0.0621102,0.773,0.0546846
0.774,-0.241086,0.774,0.0701476,0.774,-0.104716,0.774,0.174934
0.775,-0.17726,0.775,0.0370831,0.775,0.188752,0.775,0.231521
0.776,-0.0561882,0.776,-0.183676,0.776,-0.241909,0.776,0.172466
0.777,0.079524,0.777,0.229218,0.777,0.155194,0.777,0.0530396
0.778,0.188916,0.778,-0.210325,0.778,-0.0545432,0.778,-0.0836597
0.779,0.227245,0.779,0.074918,0.779,-0.111954,0.779,-0.197
0.78,0.153713,0.78,0.0323127,0.78,0.1927,0.78,-0.245692
0.781,0.0278712,0.781,-0.18055,0.781,-0.240264,0.781,-0.195355
0.782,-0.107841,0.782,0.227574,0.782,0.148449,0.782,-0.0816857
0.783,-0.210489,0.783,-0.212628,0.783,-0.0464827,0.783,0.0551781
0.784,-0.240922,0.784,0.080182,0.784,-0.118534,0.784,0.174605
0.785,-0.179234,0.785,0.0273777,0.785,0.197799,0.785,0.231028
0.786,-0.0578332,0.786,-0.177425,0.786,-0.238454,0.786,0.172795
0.787,0.07755,0.787,0.226751,0.787,0.141376,0.787,0.0536976
0.788,0.189081,0.788,-0.216576,0.788,-0.0392447,0.788,-0.0834952
0.789,0.227245,0.789,0.0852815,0.789,-0.12643,0.789,-0.196836
0.79,0.156674,0.79,0.0214557,0.79,0.20257,0.79,-0.245528
0.791,0.0293517,0.791,-0.173641,0.791,-0.235658,0.791,-0.196507
0.792,-0.10488,0.792,0.2256,0.792,0.135454,0.792,-0.0826727
0.793,-0.210489,0.793,-0.218056,0.793,-0.0308552,0.793,0.0545201
0.794,-0.241415,0.794,0.0895585,0.794,-0.134161,0.794,0.173782
0.795,-0.180057,0.795,0.0163562,0.795,0.204873,0.795,0.230534
0.796,-0.0601362,0.796,-0.169529,0.796,-0.233026,0.796,0.173618
0.797,0.075576,0.797,0.223626,0.797,0.12838,0.797,0.0546846
0.798,0.185791,0.798,-0.221017,0.798,-0.0226302,0.798,-0.0821792
0.799,0.226587,0.799,0.0948225,0.799,-0.141399,0.799,-0.196178
0.8,0.157168,0.8,0.0105987,0.8,0.20915,0.8,-0.245199
0.801,0.0326417,0.801,-0.165416,0.801,-0.230229,0.801,-0.197329
0.802,-0.102577,0.802,0.222145,0.802,0.121471,0.802,-0.0826727
0.803,-0.208515,0.803,-0.222662,0.803,-0.0148988,0.803,0.0550136
0.804,-0.242073,0.804,0.099593,0.804,-0.148473,0.804,0.173618
0.805,-0.182031,0.805,0.00500571,0.805,0.212111,0.805,0.23037
0.806,-0.0622747,0.806,-0.161468,0.806,-0.228913,0.806,0.172795
0.807,0.0722861,0.807,0.219678,0.807,0.114727,0.807,0.0532041
0.808,0.185133,0.808,-0.22513,0.808,-0.00700277,0.808,-0.0821792
0.809,0.227574,0.809,0.105021,0.809,-0.153572,0.809,-0.196507
0.81,0.158977,0.81,0.00039972,0.81,0.21573,0.81,-0.245199
0.811,0.0349446,0.811,-0.157027,0.811,-0.224801,0.811,-0.197
0.812,-0.10011,0.812,0.218526,0.812,0.107653,0.812,-0.0826727
0.813,-0.206706,0.813,-0.227926,0.813,0.00056422,0.813,0.0545201
0.814,-0.242567,0.814,0.108969,0.814,-0.160481,0.814,0.173453
0.815,-0.184005,0.815,-0.00469977,0.815,0.217868,0.815,0.230863
0.816,-0.0640842,0.816,-0.152092,0.816,-0.221675,0.816,0.174276
0.817,0.0712991,0.817,0.215565,0.817,0.100086,0.817,0.0551781
0.818,0.18431,0.818,-0.229407,0.818,0.0096117,0.818,-0.0811922
0.819,0.227903,0.819,0.113082,0.819,-0.166074,0.819,-0.194697
0.82,0.161445,0.82,-0.0104573,0.82,0.220829,0.82,-0.245199
0.821,0.0379056,0.821,-0.148473,0.821,-0.217892,0.821,-0.198645
0.822,-0.0984646,0.822,0.214249,0.822,0.0921905,0.822,-0.0857981
0.823,-0.20687,0.823,-0.231381,0.823,0.0170142,0.823,0.0510656
0.824,-0.241909,0.824,0.118839,0.824,-0.171832,0.824,0.172466
0.825,-0.184992,0.825,-0.0158857,0.825,0.222639,0.825,0.231521
0.826,-0.0667162,0.826,-0.143702,0.826,-0.214602,0.826,0.174605
0.827,0.0685026,0.827,0.212275,0.827,0.085446,0.827,0.0568231
0.828,0.182994,0.828,-0.232697,0.828,0.0247457,0.828,-0.0792182
0.829,0.228396,0.829,0.122623,0.829,-0.177589,0.829,-0.19371
0.83,0.162925,0.83,-0.0203272,0.83,0.225764,0.83,-0.244541
0.831,0.0390571,0.831,-0.13959,0.831,-0.210983,0.831,-0.198645
0.832,-0.0963261,0.832,0.210795,0.832,0.0783725,0.832,-0.0866206
0.833,-0.203909,0.833,-0.233848,0.833,0.0324772,0.833,0.0510656
0.834,-0.243883,0.834,0.127558,0.834,-0.183511,0.834,0.172302
0.835,-0.185979,0.835,-0.0260847,0.835,0.227245,0.835,0.231521
0.836,-0.0690192,0.836,-0.135148,0.836,-0.206212,0.836,0.175263
0.837,0.0668576,0.837,0.208985,0.837,0.0698186,0.837,0.0573166
0.838,0.181349,0.838,-0.235658,0.838,0.0403731,0.838,-0.0792182
0.839,0.228725,0.839,0.131012,0.839,-0.189598,0.839,-0.19371
0.84,0.163419,0.84,-0.0311842,0.84,0.229712,0.84,-0.24487
0.841,0.0410311,0.841,-0.130378,0.841,-0.201442,0.841,-0.199139
0.842,-0.0945166,0.842,0.205531,0.842,0.0620871,0.842,-0.0871141
0.843,-0.204896,0.843,-0.236974,0.843,0.0487626,0.843,0.0502431
0.844,-0.243389,0.844,0.136934,0.844,-0.194697,0.844,0.170986
0.845,-0.187295,0.845,-0.0369417,0.845,0.230534,0.845,0.231192
0.846,-0.0708287,0.846,-0.126923,0.846,-0.197,0.846,0.17625
0.847,0.0658706,0.847,0.202734,0.847,0.0546846,0.847,0.0586326
0.848,0.180198,0.848,-0.238125,0.848,0.0553426,0.848,-0.0762572
0.849,0.23037,0.849,0.14154,0.849,-0.199961,0.849,-0.191901
0.85,0.166215,0.85,-0.0412187,0.85,0.229876,0.85,-0.24487
0.851,0.0434986,0.851,-0.121988,0.851,-0.191736,0.851,-0.199797
0.852,-0.0927071,0.852,0.200102,0.852,0.0466241,0.852,-0.0882656
0.853,-0.202758,0.853,-0.23977,0.853,0.0630741,0.853,0.0500786
0.854,-0.244705,0.854,0.14483,0.854,-0.204567,0.854,0.169834
0.855,-0.188775,0.855,-0.0471407,0.855,0.229054,0.855,0.230041
0.856,-0.0723092,0.856,-0.116724,0.856,-0.187459,0.856,0.176743
0.857,0.0625806,0.857,0.197141,0.857,0.0393861,0.857,0.0592906
0.858,0.177895,0.858,-0.24158,0.858,0.0698186,0.858,-0.0775732
0.859,0.23037,0.859,0.149272,0.859,-0.20868,0.859,-0.192723
0.86,0.168025,0.86,-0.0515822,0.86,0.227574,0.86,-0.24487
0.861,0.0449791,0.861,-0.111954,0.861,-0.181373,0.861,-0.200455
0.862,-0.0908976,0.862,0.195167,0.862,0.0314902,0.862,-0.0881011
0.863,-0.202429,0.863,-0.242073,0.863,0.0777145,0.863,0.0494206
0.864,-0.244212,0.864,0.152726,0.864,-0.212299,0.864,0.169834
0.865,-0.190914,0.865,-0.0568462,0.865,0.225764,0.865,0.230699
0.866,-0.0741187,0.866,-0.107512,0.866,-0.17578,0.866,0.176908
0.867,0.0614291,0.867,0.191877,0.867,0.0237587,0.867,0.0589616
0.868,0.176908,0.868,-0.24306,0.868,0.0859395,0.868,-0.0767507
0.869,0.231192,0.869,0.157168,0.869,-0.216411,0.869,-0.191901
0.87,0.169176,0.87,-0.0624392,0.87,0.223626,0.87,-0.244376
0.871,0.0481046,0.871,-0.102742,0.871,-0.170022,0.871,-0.200948
0.872,-0.0879366,0.872,0.189081,0.872,0.0156982,0.872,-0.0897461
0.873,-0.199139,0.873,-0.244047,0.873,0.0925195,0.873,0.0481046
0.874,-0.244212,0.874,0.160458,0.874,-0.219537,0.874,0.169505
0.875,-0.19223,0.875,-0.0670452,0.875,0.222145,0.875,0.23037
0.876,-0.0764217,0.876,-0.0981356,0.876,-0.164923,0.876,0.17773
0.877,0.0596196,0.877,0.184804,0.877,0.0081312,0.877,0.0606066
0.878,0.176085,0.878,-0.245034,0.878,0.101073,0.878,-0.0759282
0.879,0.231521,0.879,0.16457,0.879,-0.223156,0.879,-0.191243
0.88,0.17115,0.88,-0.0724737,0.88,0.219513,0.88,-0.243883
0.881,0.0481046,0.881,-0.0933651,0.881,-0.159001,0.881,-0.201771
0.882,-0.0872786,0.882,0.18283,0.882,7.07E-05,0.882,-0.0912266
0.883,-0.198316,0.883,-0.246021,0.883,0.107324,0.883,0.0461306
0.884,-0.245528,0.884,0.167531,0.884,-0.227268,0.884,0.168025
0.885,-0.194204,0.885,-0.0779022,0.885,0.216881,0.885,0.229712
0.886,-0.0793827,0.886,-0.0889236,0.886,-0.151105,0.886,0.178717
0.887,0.0564941,0.887,0.179046,0.887,-0.00848326,0.887,0.0629096
0.888,0.174111,0.888,-0.245528,0.888,0.114727,0.888,-0.0729672
0.889,0.230863,0.889,0.171479,0.889,-0.229407,0.889,-0.19042
0.89,0.172302,0.89,-0.0828372,0.89,0.214085,0.89,-0.244212
0.891,0.0523816,0.891,-0.0846466,0.891,-0.145018,0.891,-0.2021
0.892,-0.0843176,0.892,0.174934,0.892,-0.0152278,0.892,-0.0922136
0.893,-0.197494,0.893,-0.245528,0.893,0.121142,0.893,0.0446501
0.894,-0.24487,0.894,0.175756,0.894,-0.23319,0.894,0.166709
0.895,-0.193875,0.895,-0.0874431,0.895,0.210795,0.895,0.228889
0.896,-0.0815212,0.896,-0.0780667,0.896,-0.13778,0.896,0.17954
0.897,0.0541911,0.897,0.171808,0.897,-0.0244397,0.897,0.0632386
0.898,0.173124,0.898,-0.245363,0.898,0.127887,0.898,-0.0723092
0.899,0.231357,0.899,0.178882,0.899,-0.234177,0.899,-0.189927
0.9,0.174111,0.9,-0.0928716,0.9,0.207011,0.9,-0.243718
0.901,0.0546846,0.901,-0.0739542,0.901,-0.131036,0.901,-0.202758
0.902,-0.0820147,0.902,0.16786,0.902,-0.0325002,0.902,-0.0928716
0.903,-0.197,0.903,-0.24487,0.903,0.135289,0.903,0.0448146
0.904,-0.245199,0.904,0.182336,0.904,-0.237796,0.904,0.166544
0.905,-0.19552,0.905,-0.0974776,0.905,0.202734,0.905,0.229876
0.906,-0.0831662,0.906,-0.0686902,0.906,-0.125278,0.906,0.179211
0.907,0.0520526,0.907,0.164406,0.907,-0.0395737,0.907,0.0645546
0.908,0.170821,0.908,-0.244212,0.908,0.141047,0.908,-0.0714867
0.909,0.23037,0.909,0.185955,0.909,-0.238948,0.909,-0.18894
0.91,0.175427,0.91,-0.102577,0.91,0.19928,0.91,-0.243389
0.911,0.0566586,0.911,-0.0626037,0.911,-0.117547,0.911,-0.204074
0.912,-0.0811922,0.912,0.160458,0.912,-0.0482922,0.912,-0.0936941
0.913,-0.196342,0.913,-0.242567,0.913,0.14664,0.913,0.0431696
0.914,-0.245199,0.914,0.18941,0.914,-0.240593,0.914,0.165886
0.915,-0.197658,0.915,-0.108335,0.915,0.193851,0.915,0.229712
0.916,-0.0854691,0.916,-0.0578332,0.916,-0.112447,0.916,0.180527
0.917,0.0504076,0.917,0.155687,0.917,-0.0545432,0.917,0.0652126
0.918,0.169341,0.918,-0.24158,0.918,0.15322,0.918,-0.0706642
0.919,0.229712,0.919,0.191713,0.919,-0.241744,0.919,-0.187624
0.92,0.17773,0.92,-0.111789,0.92,0.191219,0.92,-0.242896
0.921,0.0589616,0.921,-0.0525692,0.921,-0.103564,0.921,-0.204403
0.922,-0.0765862,0.922,0.152562,0.922,-0.0629327,0.922,-0.0951746
0.923,-0.193381,0.923,-0.240428,0.923,0.159306,0.923,0.0416891
0.924,-0.24487,0.924,0.193851,0.924,-0.243554,0.924,0.16457
0.925,-0.200126,0.925,-0.11656,0.925,0.185626,0.925,0.229383
0.926,-0.0879366,0.926,-0.0469762,0.926,-0.0963261,0.926,0.181185
0.927,0.0481046,0.927,0.147956,0.927,-0.0703352,0.927,0.0670221
0.928,0.168025,0.928,-0.238948,0.928,0.165557,0.928,-0.0700062
0.929,0.229383,0.929,0.197964,0.929,-0.244212,0.929,-0.187295
0.93,0.179375,0.93,-0.121659,0.93,0.179869,0.93,-0.243554
0.931,0.0601131,0.931,-0.0425347,0.931,-0.0889236,0.931,-0.204896
0.932,-0.0759282,0.932,0.144172,0.932,-0.0797117,0.932,-0.0956681
0.933,-0.190749,0.933,-0.237632,0.933,0.171644,0.933,0.0413601
0.934,-0.243554,0.934,0.200102,0.934,-0.245363,0.934,0.165228
0.935,-0.201277,0.935,-0.126594,0.935,0.174276,0.935,0.229383
0.936,-0.0900751,0.936,-0.0369417,0.936,-0.0810277,0.936,0.181514
0.937,0.0453081,0.937,0.139402,0.937,-0.0874431,0.937,0.0670221
0.938,0.166709,0.938,-0.236645,0.938,0.177401,0.938,-0.0693482
0.939,0.229218,0.939,0.203228,0.939,-0.244705,0.939,-0.187459
0.94,0.180198,0.94,-0.131694,0.94,0.168847,0.94,-0.243554
0.941,0.0637321,0.941,-0.0318422,0.941,-0.0721447,0.941,-0.20539
0.942,-0.0732962,0.942,0.135618,0.942,-0.0950101,0.942,-0.0959971
0.943,-0.190256,0.943,-0.234835,0.943,0.182336,0.943,0.0415246
0.944,-0.243225,0.944,0.205695,0.944,-0.242896,0.944,0.164077
0.945,-0.201771,0.945,-0.135971,0.945,0.163748,0.945,0.228561
0.946,-0.0922136,0.946,-0.0270717,0.946,-0.0647422,0.946,0.181514
0.947,0.0434986,0.947,0.130354,0.947,-0.102248,0.947,0.0676801
0.948,0.164406,0.948,-0.234177,0.948,0.186942,0.948,-0.0691837
0.949,0.228889,0.949,0.208656,0.949,-0.241086,0.949,-0.187459
0.95,0.181678,0.95,-0.13959,0.95,0.157168,0.95,-0.243883
0.951,0.0663641,0.951,-0.0223012,0.951,-0.0568462,0.951,-0.205225
0.952,-0.0714867,0.952,0.126242,0.952,-0.109322,0.952,-0.0958326
0.953,-0.187953,0.953,-0.232532,0.953,0.191877,0.953,0.0413601
0.954,-0.243225,0.954,0.210301,0.954,-0.240099,0.954,0.164899
0.955,-0.203745,0.955,-0.143702,0.955,0.151081,0.955,0.228889
0.956,-0.0948456,0.956,-0.0183532,0.956,-0.0494437,0.956,0.18102
0.957,0.0410311,0.957,0.122952,0.957,-0.116724,0.957,0.0665286
0.958,0.162925,0.958,-0.232039,0.958,0.195496,0.958,-0.0701707
0.959,0.228232,0.959,0.212275,0.959,-0.23829,0.959,-0.18713
0.96,0.184146,0.96,-0.147157,0.96,0.14483,0.96,-0.243225
0.961,0.0683381,0.961,-0.0144053,0.961,-0.0426992,0.961,-0.20539
0.962,-0.0680322,0.962,0.119333,0.962,-0.122646,0.962,-0.0969841
0.963,-0.187295,0.963,-0.230229,0.963,0.200102,0.963,0.0408666
0.964,-0.242896,0.964,0.213427,0.964,-0.236809,0.964,0.164077
0.965,-0.204238,0.965,-0.151269,0.965,0.138579,0.965,0.228725
0.966,-0.0963261,0.966,-0.0107863,0.966,-0.0349677,0.966,0.182501
0.967,0.0390571,0.967,0.115549,0.967,-0.12972,0.967,0.0689961
0.968,0.161938,0.968,-0.228749,0.968,0.203886,0.968,-0.0680322
0.969,0.227903,0.969,0.214907,0.969,-0.234177,0.969,-0.185814
0.97,0.184639,0.97,-0.154724,0.97,0.131835,0.97,-0.243225
0.971,0.0686671,0.971,-0.00519327,0.971,-0.0277297,0.971,-0.205883
0.972,-0.0662227,0.972,0.111766,0.972,-0.136464,0.972,-0.0976421
0.973,-0.184992,0.973,-0.227268,0.973,0.207505,0.973,0.0388926
0.974,-0.242731,0.974,0.216223,0.974,-0.232039,0.974,0.162596
0.975,-0.206048,0.975,-0.15752,0.975,0.125913,0.975,0.228561
0.976,-0.0979711,0.976,-0.000751778,0.976,-0.0199982,0.976,0.183159
0.977,0.0372476,0.977,0.108147,0.977,-0.143373,0.977,0.0685026
0.978,0.160293,0.978,-0.224307,0.978,0.209808,0.978,-0.0680322
0.979,0.227574,0.979,0.218197,0.979,-0.2299,0.979,-0.185485
0.98,0.186613,0.98,-0.161633,0.98,0.117688,0.98,-0.243225
0.981,0.0717926,0.981,0.00286721,0.981,-0.0112798,0.981,-0.206541
0.982,-0.0652357,0.982,0.104034,0.982,-0.150447,0.982,-0.0992871
0.983,-0.183018,0.983,-0.223978,0.983,0.21392,0.983,0.0383991
0.984,-0.242402,0.984,0.219842,0.984,-0.226939,0.984,0.162103
0.985,-0.207528,0.985,-0.1641,0.985,0.111108,0.985,0.228725
0.986,-0.102413,0.986,0.00681521,0.986,-0.00420627,0.986,0.183981
0.987,0.0341221,0.987,0.100415,0.987,-0.157027,0.987,0.0696541
0.988,0.157826,0.988,-0.221182,0.988,0.216552,0.988,-0.0662227
0.989,0.226587,0.989,0.220829,0.989,-0.223485,0.989,-0.185156
0.99,0.187436,0.99,-0.16739,0.99,0.10387,0.99,-0.24306
0.991,0.0744245,0.991,0.0109277,0.991,0.00517021,0.991,-0.207035
0.992,-0.0617812,0.992,0.0958095,0.992,-0.1641,0.992,-0.0984646
0.993,-0.181866,0.993,-0.218714,0.993,0.21902,0.993,0.0388926
0.994,-0.242567,0.994,0.221816,0.994,-0.219372,0.994,0.161774
0.995,-0.207857,0.995,-0.170022,0.995,0.0964675,0.995,0.228067
0.996,-0.102742,0.996,0.0153692,0.996,0.0124082,0.996,0.183159
0.997,0.0311612,0.997,0.0921905,0.997,-0.17068,0.997,0.0703121
0.998,0.156345,0.998,-0.217234,0.998,0.222474,0.998,-0.0657292
0.999,0.2256,0.999,0.223626,0.999,-0.216576,0.999,-0.184827
